Composition,Alloy_class,Dataset,H2_W% (max),temperature(K),Citation
Mg1.5Ni1,Mg,HydPark,2.6,573,DOE_data_url
Mg0.872Al0.128,Mg,HydPark,6.7,625,DOE_data_url
Mg0.996Ni0.004,Mg,HydPark,4.6,573,DOE_data_url
Mg0.807Al0.193,Mg,HydPark,6.6,625,DOE_data_url
Mg0.879Ni0.121,Mg,HydPark,5.7,596,DOE_data_url
Mg0.882Cu0.118,Mg,HydPark,5.3,603,DOE_data_url
Mg0.874La0.021Ni0.105,Mg,HydPark,5.3,583,DOE_data_url
Mg0.874La0.021Ni0.105,Mg,HydPark,5.1,573,DOE_data_url
Mg0.748La0.042Ni0.21,Mg,HydPark,4,573,DOE_data_url
Mg0.733Zr0.089Fe0.124Cr0.053,Mg,HydPark,3.4,573,DOE_data_url
Mg0.979Ni0.021,Mg,HydPark,5.9,573,DOE_data_url
Mg0.992Tm0.008,Mg,HydPark,4.8,573,DOE_data_url
Mg0.976V0.024,Mg,HydPark,5.6,573,DOE_data_url
Mg0.976V0.024,Mg,HydPark,5.8,583,DOE_data_url
Mg0.335Al0.622La0.044,Mg,HydPark,1.7,623,DOE_data_url
Mg0.345Al0.609La0.044,Mg,HydPark,2.1,623,DOE_data_url
Mg0.364Al0.591La0.046,Mg,HydPark,2.3,623,DOE_data_url
Mg0.56Al0.34La0.05Y0.05,Mg,HydPark,3.1,583,DOE_data_url
Mg0.56Al0.34La0.1,Mg,HydPark,2.1,583,DOE_data_url
Mg0.56Al0.34Ni0.05Y0.05,Mg,HydPark,2.6,583,DOE_data_url
Mg0.56Al0.34Y0.1,Mg,HydPark,3.3,583,DOE_data_url
Mg0.59Al0.36La0.05,Mg,HydPark,3,583,DOE_data_url
Mg0.59Al0.36Li0.05,Mg,HydPark,1.8,583,DOE_data_url
Mg0.59Al0.36Ni0.05,Mg,HydPark,3.4,583,DOE_data_url
Mg0.59Al0.36Y0.05,Mg,HydPark,2,583,DOE_data_url
Mg0.62Al0.38,Mg,HydPark,2.3,583,DOE_data_url
Mg0.675Li0.2Si0.125,Mg,HydPark,1.6,583,DOE_data_url
Mg0.67Li0.11Ni0.11Sn0.06Cu0.06,Mg,HydPark,1.7,583,DOE_data_url
Mg0.6Al0.4,Mg,HydPark,1,583,DOE_data_url
Mg0.725Li0.1Ni0.1Sn0.025Zn0.025Cu0.025,Mg,HydPark,1.4,583,DOE_data_url
Mg0.725Li0.1Ni0.1Sn0.05Cu0.025,Mg,HydPark,1.5,583,DOE_data_url
Mg0.72Li0.28,Mg,HydPark,5.5,623,DOE_data_url
Mg0.75Li0.1Ni0.05Sn0.05Cu0.05,Mg,HydPark,1.3,583,DOE_data_url
Mg0.75Li0.1Ni0.1Cu0.05,Mg,HydPark,1.9,583,DOE_data_url
Mg0.75Li0.1Ni0.1Sn0.05,Mg,HydPark,1.9,583,DOE_data_url
Mg0.75Zn0.1Ni0.05,Mg,HydPark,3,572,DOE_data_url
Mg0.7Li0.1Ni0.1Cu0.1,Mg,HydPark,1.6,583,DOE_data_url
Mg0.7Li0.1Ni0.1Sn0.05Zn0.05,Mg,HydPark,1.5,583,DOE_data_url
Mg0.7Li0.1Ni0.1Sn0.1,Mg,HydPark,2.3,583,DOE_data_url
Mg0.7Li0.2Cu0.1,Mg,HydPark,0.7,583,DOE_data_url
Mg0.7Li0.2Sn0.1,Mg,HydPark,0.6,583,DOE_data_url
Mg0.7Li0.2Zn0.1,Mg,HydPark,1.1,583,DOE_data_url
Mg0.8275Ni0.05Cu0.0775Zn0.045,Mg,HydPark,3.8,572,DOE_data_url
Mg0.845Ni0.05Cu0.1Y0.005,Mg,HydPark,2.9,572,DOE_data_url
Mg0.85Cu0.1Ni0.05,Mg,HydPark,3.1,572,DOE_data_url
Mg0.85Cu0.1Ni0.05Sn0.02,Mg,HydPark,2.3,572,DOE_data_url
Mg0.85Li0.05Cu0.1,Mg,HydPark,0.5,583,DOE_data_url
Mg0.85Li0.05Ni0.1,Mg,HydPark,1.4,583,DOE_data_url
Mg0.8Al0.1Cu0.1,Mg,HydPark,1.5,583,DOE_data_url
Mg0.8Al0.1La0.1,Mg,HydPark,4.2,583,DOE_data_url
Mg0.8Al0.1Y0.1,Mg,HydPark,4.1,583,DOE_data_url
Mg0.8Li0.05Ni0.1Cu0.05,Mg,HydPark,1.1,583,DOE_data_url
Mg0.8Li0.05Ni0.1Sn0.05,Mg,HydPark,2.5,583,DOE_data_url
Mg0.8Li0.05Ni0.1Zn0.05,Mg,HydPark,1.6,583,DOE_data_url
Mg0.8Li0.1Cu0.1,Mg,HydPark,0.9,583,DOE_data_url
Mg0.8Li0.1Ni0.1,Mg,HydPark,2,583,DOE_data_url
Mg0.8Li0.1Si0.1,Mg,HydPark,1.3,583,DOE_data_url
Mg0.8Li0.1Sn0.1,Mg,HydPark,1.7,583,DOE_data_url
Mg0.8Li0.1Zn0.1,Mg,HydPark,1.6,583,DOE_data_url
Mg0.9Sc0.1,Mg,HydPark,6.2,648,DOE_data_url
Mg0.58Al0.42,Mg,HydPark,2.5,623,DOE_data_url
Mg0.5Al0.5,Mg,HydPark,3.4,553,DOE_data_url
Mg0.708La0.125Al0.167,Mg,HydPark,4.2,573,DOE_data_url
Mg0.70Ni0.25Nd0.05,Mg,HydPark,3.4,573,DOE_data_url
Mg0.75Al0.25,Mg,HydPark,3.5,623,DOE_data_url
Mg0.80La0.10Al0.10,Mg,HydPark,4.8,575,DOE_data_url
Mg0.80Ni0.15Nd0.05,Mg,HydPark,4.9,573,DOE_data_url
Mg0.90La0.075Al0.025,Mg,HydPark,5.1,581,DOE_data_url
Mg1.75Ni1,Mg,HydPark,2.8,573,DOE_data_url
Mg1.7Ni1Al0.3 ,Mg,HydPark,2.7,585,DOE_data_url
Mg1.92Ni1Al0.08,Mg,HydPark,3.5,568,DOE_data_url
Mg10.8Ba1,Mg,HydPark,4.9,648,DOE_data_url
Mg12Ce1,Mg,HydPark,6,598,DOE_data_url
Mg12La1,Mg,HydPark,5.9,598,DOE_data_url
Mg14Al12Ti3 ,Mg,HydPark,3.8,610,DOE_data_url
Mg17Al10Ti2 ,Mg,HydPark,4.1,577,DOE_data_url
Mg17Al11Ti1,Mg,HydPark,4.7,577,DOE_data_url
Mg17Al9Ti3 ,Mg,HydPark,4.6,610,DOE_data_url
Mg17Ba2 ,Mg,HydPark,3.9,625,DOE_data_url
Mg17La2,Mg,HydPark,4.9,563,DOE_data_url
Mg2.23Ni1,Mg,HydPark,3.9,596,DOE_data_url
Mg2.42Ni1 ,Mg,HydPark,3.9,574,DOE_data_url
Mg2Al3 ,Mg,HydPark,2.6,608,DOE_data_url
Mg2CuAl0.125 ,Mg,HydPark,2.8,603,DOE_data_url
Mg2CuAl0.25 ,Mg,HydPark,3,603,DOE_data_url
Mg2CuAl0.375 ,Mg,HydPark,3.2,603,DOE_data_url
Mg2Ni0.63Fe0.37 ,Mg,HydPark,3.7,593,DOE_data_url
Mg2Ni0.75Al0.25 ,Mg,HydPark,3.5,600,DOE_data_url
Mg2Ni0.75Fe0.25,Mg,HydPark,2.9,558,DOE_data_url
Mg2Ni0.75Fe0.25,Mg,HydPark,3.6,585,DOE_data_url
Mg2Ni0.85Al0.15 ,Mg,HydPark,3.4,600,DOE_data_url
Mg3La1,Mg,HydPark,3.9,563,DOE_data_url
Mg4La1,Mg,HydPark,4.3,588,DOE_data_url
Mg7Zn3,Mg,HydPark,2.5,588,DOE_data_url
Mg9Ce1,Mg,HydPark,4,622,DOE_data_url
Mg1La1,Mg,HydPark,2.6,563,DOE_data_url
Mg1Mn0.35Ni0.35 ,Mg,HydPark,3.3,622,DOE_data_url
Mg1Ni1,Mg,HydPark,2,298,DOE_data_url
Mg1Ni0.86Co0.03,Mg,HydPark,2.1,573,DOE_data_url
Mg1Ni0.86Mn0.03,Mg,HydPark,2.1,573,DOE_data_url
Mg1Ti0.39Cu0.29 ,Mg,HydPark,3.8,623,DOE_data_url
Mg0.90Ce0.1,Mg,Extracted,5.74,593,https://doi.org/10.1016/j.jmst.2020.02.042
Mg2Fe1,Mg,Extracted,5.47,673,http://dx.doi.org/10.1088/0957-4484/21/9/095706
Mg0.99Ni0.0167La0.0033,Mg,Extracted,7.19,598,https://doi.org/10.1016/j.ijhydene.2021.12.010
Mg0.98Ni0.0167La0.0033,Mg,Extracted,5.59,448,https://doi.org/10.1016/j.ijhydene.2021.12.010
Mg0.928Ni0.024Y0.048,Mg,Extracted,4.9,623,https://doi.org/10.1016/j.jma.2021.11.026
Mg0.9Y0.015Ce0.015Ni0.07,Mg,Extracted,5.6,573,https://doi.org/10.1016/j.ijhydene.2021.02.184
Sm5Mg41,Mg,Extracted,5,653,http://dx.doi.org/10.1016/j.ijhydene.2016.02.108
Mg0.80Ag0.15Al0.05,Mg,Extracted,1.7,573,https://doi.org/10.1021/acs.jpcc.6b08291
Mg1.9Nd0.1Ni1,Mg,Extracted,3.35,573,http://dx.doi.org/10.1016/j.jallcom.2008.12.018
Mg0.85Ag0.005Al0.1,Mg,Extracted,3.8,573,https://doi.org/10.1021/acs.jpcc.6b08291
Mg2Ni0.9Co0.1,Mg,Extracted,3.13,573,https://doi.org/10.1038/s41598-024-51602-w
La0.121Mg0.669Ni0.21,Mg,Extracted,3.7,523,https://doi.org/10.1016/0925-8388(96)02261-X
Mg2Ni1,Mg,Extracted,3.4,603,https://doi.org/10.1016/j.ijhydene.2006.09.037
Mg2Ni1,Mg,Extracted,3.6,573,https://doi.org/10.1016/S0925-8388(97)00533-1
Mg2Ni1,Mg,Extracted,4.1,553,https://doi.org/10.1016/j.ijhydene.2004.04.019
Mg0.85Ni0.10Pd0.05,Mg,Extracted,4.9,473,https://doi.org/10.1016/j.ijhydene.2011.08.042
Mg0.757Ti0.068Cr0.121V0.053,Mg,Extracted,4,548,https://doi.org/10.1016/j.ijhydene.2006.08.030
Mg0.805Zr0.065Fe0.091Cr0.039,Mg,Extracted,5,553,https://doi.org/10.1016/s0925-8388(00)01186-5
Mg0.833Ni0.132La0.036,Mg,Extracted,4.74,573,https://doi.org/10.1016/j.jallcom.2007.08.079
Mg0.889La0.034Ni0.077,Mg,Extracted,5.4,553,https://doi.org/10.1016/j.ijhydene.2005.06.007
Mg0853Ni0.125La0.022,Mg,Extracted,4.96,573,https://doi.org/10.1016/j.jallcom.2007.08.079
Mg0.664Ni0.332Pd0.003,Mg,Extracted,2.5,473,https://doi.org/10.1016/0925-8388(94)01348-9
Mg0.867Ni0.127La0.006,Mg,Extracted,4.5,573,https://doi.org/10.1016/j.jallcom.2007.08.079
Mg0.9Ni0.047Fe0.024Ti0.029,Mg,Extracted,6.72,573,https://doi.org/10.1016/j.ijhydene.2008.05.097
Mg0.313La0.01Ni0.051,Mg,Extracted,4,558,https://doi.org/10.1016/j.jallcom.2007.06.008
Mg0.874La0.021Ni0.105,Mg,Extracted,3.8,373,https://doi.org/10.1016/j.ijhydene.2008.11.078
Mg0.899La0.017Ni0.084,Mg,Extracted,4.66,623,https://doi.org/10.1016/0360-3199(93)E0009-A
La0.5Ni1.5Mg17,Mg,Extracted,4.03,553,https://doi.org/10.1016/j.ijhydene.2005.04.027
Mg22Y3,Mg,Extracted,2.63,373,http://dx.doi.org/10.1016/j.ijhydene.2015.12.099
Mg22Y3,Mg,Extracted,3.94,423,http://dx.doi.org/10.1016/j.ijhydene.2015.12.099
Mg22Y3,Mg,Extracted,6.48,653,http://dx.doi.org/10.1016/j.ijhydene.2015.12.099
Mg0.242Ni0.055,Mg,Extracted,5,493,https://doi.org/10.1016/s0166-0462(99)00013-7
Mg0.956Ni0.044,Mg,Extracted,4.6,573,https://doi.org/10.1016/j.ijhydene.2006.08.029
Mg0.95Mn0.05,Mg,atomic_per,6,473,https://doi.org/10.1016/S0925-8388(99)00442-9
MgNi0.061,Mg,Extracted,6.5,423,https://doi.org/10.1021/jp044576c
Mg0.95Ni0.05,Mg,atomic_per,5,473,https://doi.org/10.1016/S0925-8388(99)00442-9
Mg0.979Ni0.021,Mg,Extracted,6,503,https://doi.org/10.1016/S0360-3199(99)00057-9
Mg1Zr0.015Ni0.026,Mg,Extracted,5.4,577,https://doi.org/10.1016/j.ijhydene.2008.09.076
Mg0.331La0.001Ni0.005,Mg,Extracted,6,558,https://doi.org/10.1016/j.jallcom.2007.06.008
Mg0.976Fe0.011Ti0.013,Mg,Extracted,2.7,673,https://doi.org/10.1016/0925-8388(94)01465-5
Mg0.99La0.005Ni0.005,Mg,Extracted,4.4,453,https://doi.org/10.1016/j.ijhydene.2009.05.024
Mg0.33V0.009,Mg,Extracted,5.8,473,https://doi.org/10.1016/S0925-8388(99)00268-6
Mg0.95Ti0.05,Mg,Extracted,5,473,https://doi.org/10.1016/S0925-8388(99)00442-9
Mg0.95Ni0.05,Mg,Extracted,1.45,313,https://doi.org/10.1016/j.intermet.2007.06.005
Mg0.95Ni0.05,Mg,Extracted,5.41,473,https://doi.org/10.1016/j.intermet.2007.06.005
Mg0.80Ni0.20,Mg,Extracted,2.77,313,https://doi.org/10.1016/j.intermet.2007.06.005
Mg0.7687Ni0.1278Y0.1035,Mg,Extracted,4.45,573,https://doi.org/10.1016/j.ijhydene.2020.04.142
Hf2Cu1,A2B,HydPark,1.5,293,DOE_data_url
Hf2Fe1,A2B,HydPark,1.2,295,DOE_data_url
Hf2Pd1,A2B,HydPark,1,293,DOE_data_url
Mg1.75Ti0.25Ni0.75Cu0.25,A2B,HydPark,2,573,DOE_data_url
Mg1.9Al0.1Ni1,A2B,HydPark,3.5,523,DOE_data_url
Mg1.9B0.1Ni1,A2B,HydPark,2.8,523,DOE_data_url
Mg1.9Si0.1Ni1,A2B,HydPark,2.9,523,DOE_data_url
Mg1.9Ti0.1Ni1,A2B,HydPark,2.9,573,DOE_data_url
Mg1.9Ti0.1Ni0.9Mn0.1,A2B,HydPark,3.1,523,DOE_data_url
Mg2Co1,A2B,HydPark,4.2,691,DOE_data_url
Mg2Cu1,A2B,HydPark,2.6,568,DOE_data_url
Mg2Ni1,A2B,HydPark,3.6,572,DOE_data_url
Mg2Ni0.75Co0.25,A2B,HydPark,3.1,552,DOE_data_url
Mg2Ni0.75Co25,A2B,HydPark,3.4,573,DOE_data_url
Mg2Ni0.75Cr0.25,A2B,HydPark,3,521,DOE_data_url
Mg2Ni0.75Fe0.25,A2B,HydPark,2.8,526,DOE_data_url
Mg2Ni0.75Fe0.25,A2B,HydPark,3.3,573,DOE_data_url
Mg2Ni0.75V0.25,A2B,HydPark,2.9,523,DOE_data_url
Mg2Ni0.75Zn0.25,A2B,HydPark,3.3,519,DOE_data_url
Mg2Ni0.75Co0.25,A2B,HydPark,3.2,523,DOE_data_url
Mg2Ni0.75Cr0.25,A2B,HydPark,3.2,523,DOE_data_url
Mg2Ni0.75Cu0.25,A2B,HydPark,3.2,523,DOE_data_url
Mg2Ni0.75Mn0.25,A2B,HydPark,3.2,523,DOE_data_url
Mg2Ni0.75Ti0.25,A2B,HydPark,3.2,523,DOE_data_url
Mg2Ni0.7Zr0.3,A2B,HydPark,3.5,613,DOE_data_url
Ti2Ni1,A2B,HydPark,1.6,423,DOE_data_url
Zr2Pd1,A2B,HydPark,1.9,293,DOE_data_url
Ce1Ni1,AB,HydPark,1.8,293,DOE_data_url
Hf1Al1,AB,HydPark,0.5,323,DOE_data_url
Hf1Co1,AB,HydPark,1.3,323,DOE_data_url
Hf1Ni1,AB,HydPark,1.3,323,DOE_data_url
La1Ni1,AB,HydPark,1.7,293,DOE_data_url
Li0.94Pd1,AB,HydPark,0.9,573,DOE_data_url
Th1Co1,AB,HydPark,1.4,313,DOE_data_url
Th1Ni1,AB,HydPark,1.2,313,DOE_data_url
Ti0.42Zr0.08Fe0.50,AB,HydPark,0.7,323,DOE_data_url
Ti0.46Fe0.45V0.05Mn0.05,AB,HydPark,1.7,295,DOE_data_url
Ti0.48Fe0.47V0.025Mn0.025,AB,HydPark,1.7,295,DOE_data_url
Ti0.96Zr0.04Fe0.95Nb0.04,AB,HydPark,1.7,303,DOE_data_url
Ti0.9Fe0.9B0.2,AB,HydPark,1.5,300,DOE_data_url
Ti0.9La0.1Co1,AB,HydPark,1.5,423,DOE_data_url
Ti0.9Zr0.1Fe1,AB,HydPark,1,303,DOE_data_url
Ti1.1Fe1,AB,HydPark,1.6,323,DOE_data_url
Ti1.1FeB0.001,AB,HydPark,1.1,323,DOE_data_url
Ti1.3Fe1,AB,HydPark,1.9,298,DOE_data_url
Ti1Co1,AB,HydPark,1.3,423,DOE_data_url
Ti1Co1,AB,HydPark,1.4,428,DOE_data_url
Ti1Co1,AB,HydPark,0.7,389,DOE_data_url
Ti1Co1,AB,HydPark,1.45,425,DOE_data_url
Ti1Co0.5Fe0.5,AB,HydPark,1.1,373,DOE_data_url
Ti1Co0.5Mn0.5,AB,HydPark,1.6,393,DOE_data_url
Ti1Cu1,AB,HydPark,1.7,473,DOE_data_url
Ti1Fe1,AB,HydPark,1.9,303,DOE_data_url
Ti1Fe0.5Co0.5,AB,HydPark,1.1,423,DOE_data_url
Ti1Fe0.6Ni0.4,AB,HydPark,1.5,323,DOE_data_url
Ti1Fe0.7Mn0.2,AB,HydPark,2,313,DOE_data_url
Ti1Fe0.7Mn0.3,AB,HydPark,1.6,313,DOE_data_url
Ti1Fe0.88,AB,HydPark,2,313,DOE_data_url
Ti1Fe0.8Be0.2,AB,HydPark,1.4,294,DOE_data_url
Ti1Fe0.8Cr0.2,AB,HydPark,1.8,313,DOE_data_url
Ti1Fe0.8Ni0.15Nb0.05,AB,HydPark,1.1,423,DOE_data_url
Ti1Fe0.8Ni0.15V0.05,AB,HydPark,1.3,423,DOE_data_url
Ti1Fe0.8Ni0.2,AB,HydPark,1.3,323,DOE_data_url
Ti1Fe0.94Al0.06,AB,HydPark,1.2,303,DOE_data_url
Ti1Fe0.95Cr0.05 ,AB,HydPark,1.7,313,DOE_data_url
Ti1Fe0.95Mn0.05,AB,HydPark,1.6,323,DOE_data_url
Ti1Fe0.95V0.05,AB,HydPark,1.7,313,DOE_data_url
Ti1Fe0.96Nb0.04,AB,HydPark,1.7,313,DOE_data_url
Ti1Fe0.9Al0.1,AB,HydPark,1.3,298,DOE_data_url
Ti1Fe0.9Co0.1,AB,HydPark,1.8,313,DOE_data_url
Ti1Fe0.9Cr0.1,AB,HydPark,1.7,313,DOE_data_url
Ti1Fe0.9Cu0.1,AB,HydPark,1.2,313,DOE_data_url
Ti1Fe0.9Mn0.1,AB,HydPark,1.9,298,DOE_data_url
Ti1Fe0.9Mo0.1,AB,HydPark,1.7,313,DOE_data_url
Ti1Fe0.9Ni0.1,AB,HydPark,1.6,313,DOE_data_url
Ti1Ni1,AB,HydPark,1.3,473,DOE_data_url
U1Co1,AB,HydPark,0.6,423,DOE_data_url
Zr0.5Hf0.5Co1,AB,HydPark,1.1,473,DOE_data_url
Zr0.7Hf0.3Co1,AB,HydPark,1.4,473,DOE_data_url
Zr0.7Ti0.3Co0.7Ni0.3,AB,HydPark,1.1,373,DOE_data_url
Zr1Co1,AB,HydPark,2,703,DOE_data_url
Zr1Co0.84Ni0.16,AB,HydPark,1.6,523,DOE_data_url
Zr1Ni1,AB,HydPark,1.7,523,DOE_data_url
Zr1Ni0.8Co0.2,AB,HydPark,1.8,505,DOE_data_url
Ti0.7875Zr0.2625Mn0.8Cr1.05V0.05Cu0.1,AB2,HydPark,1.8,303,DOE_data_url
Ca1Ni2,AB2,HydPark,2.1,298,DOE_data_url
Ce1Al1.25Cr0.75,AB2,HydPark,0.6,294,DOE_data_url
Ce1Mg2,AB2,HydPark,3.1,489,DOE_data_url
Ce1Mn1Al1,AB2,HydPark,0.9,294,DOE_data_url
Ce1Mn1Al1,AB2,HydPark,1.1,300,DOE_data_url
Dy1Fe2,AB2,HydPark,2.7,294,DOE_data_url
Er1Fe2,AB2,HydPark,1.7,297,DOE_data_url
Er1Fe2,AB2,HydPark,1.5,353,DOE_data_url
Er1Mn2,AB2,HydPark,1.75,295,DOE_data_url
Gd1Co2,AB2,HydPark,1.5,473,DOE_data_url
Gd1Fe2,AB2,HydPark,1.6,293,DOE_data_url
Gd1Fe1Al1,AB2,HydPark,1.2,300,DOE_data_url
Gd1Mn2,AB2,HydPark,1.1,633,DOE_data_url
Gd1Ni2,AB2,HydPark,1.5,573,DOE_data_url
Gd1NiAl,AB2,HydPark,0.8,300,DOE_data_url
Gd1Rh2,AB2,HydPark,0.9,415,DOE_data_url
Gd1Ru2,AB2,HydPark,1,498,DOE_data_url
Ho0.6Zr0.4Co2,AB2,HydPark,1,323,DOE_data_url
Ho0.8Zr0.2Co2,AB2,HydPark,1.2,323,DOE_data_url
Ho1Ru2,AB2,HydPark,1.1,428,DOE_data_url
La1Mn1Al1,AB2,HydPark,1.2,294,DOE_data_url
La1Rh2,AB2,HydPark,1.4,473,DOE_data_url
Li1Pd2,AB2,HydPark,0.8,573,DOE_data_url
Mg1Y1Ni4,AB2,HydPark,1.05,313,DOE_data_url
Pr1Co2,AB2,HydPark,1.5,373,DOE_data_url
Sc1Fe2,AB2,HydPark,2,413,DOE_data_url
Sc1Mn2,AB2,HydPark,2.4,413,DOE_data_url
Sm1Co2,AB2,HydPark,1.5,313,DOE_data_url
Tb0.27Dy0.73Fe2,AB2,HydPark,1.5,473,DOE_data_url
Ti0.475Zr0.475La0.05Mn0.8Cr0.8Ni0.4,AB2,HydPark,1.8,313,DOE_data_url
Ti0.52Zr0.48Ni1.01V0.39Cr0.22Mn0.21Fe0.19Al0.19,AB2,HydPark,1.4,295,DOE_data_url
Ti0.5Zr0.5Cr1.5Ni0.5,AB2,HydPark,1.4,313,DOE_data_url
Ti0.5Zr0.5Mn0.9Cr0.9Ni0.4,AB2,HydPark,1.6,313,DOE_data_url
Ti0.5Zr0.5Mn1.2Fe0.3,AB2,HydPark,1.9,393,DOE_data_url
Ti0.5Zr0.5Mn1.36Fe0.34,AB2,HydPark,1.5,373,DOE_data_url
Ti0.5Zr0.5Mn2,AB2,HydPark,1.8,343,DOE_data_url
Ti0.6Zr0.4Mn1.5Cu0.3Si0.2,AB2,HydPark,0.9,293,DOE_data_url
Ti0.6Zr0.4Mn1.6Cu0.3Si0.1,AB2,HydPark,1.3,293,DOE_data_url
Ti0.6Zr0.4Mn1.9Cu0.1,AB2,HydPark,1.7,293,DOE_data_url
Ti0.73Zr0.27Mn1.25Cr0.75Cu0.1,AB2,HydPark,1.7,293,DOE_data_url
Ti0.75Zr0.25Cr1.5Ni0.5,AB2,HydPark,1.7,313,DOE_data_url
Ti0.75Zr0.25Cr1Ni1,AB2,HydPark,1.5,313,DOE_data_url
Ti0.77Zr0.23Mn0.67Cr0.67Cu0.67,AB2,HydPark,1.6,303,DOE_data_url
Ti0.7Zr0.3Mn1.9Mo0.1,AB2,HydPark,1.7,290,DOE_data_url
Ti0.8Zr0.2Mn0.8Cr1.0Fe0.2,AB2,HydPark,1.8,293,DOE_data_url
Ti0.8Zr0.2Mn1.2Cr0.8,AB2,HydPark,2,293,DOE_data_url
Ti0.8Zr0.2Mn1.2V0.2Cr0.6,AB2,HydPark,1.9,293,DOE_data_url
Ti0.8Zr0.2Mn1.4V0.2Cr0.4,AB2,HydPark,1.9,293,DOE_data_url
Ti0.8Zr0.2Mn1.5Cr0.5,AB2,HydPark,2,303,DOE_data_url
Ti0.8Zr0.2Mn1.5Cu0.5,AB2,HydPark,1.6,303,DOE_data_url
Ti0.8Zr0.2Mn1.5Fe0.5,AB2,HydPark,1.7,303,DOE_data_url
Ti0.8Zr0.2Mn1.5V0.5,AB2,HydPark,2,303,DOE_data_url
Ti0.8Zr0.2Mn1.6V0.2Cr0.2,AB2,HydPark,1.9,293,DOE_data_url
Ti0.8Zr0.2Mn1.7V0.2Mo0.1,AB2,HydPark,2,287,DOE_data_url
Ti0.8Zr0.2Mn1.8Mo0.2,AB2,HydPark,1.7,293,DOE_data_url
Ti0.8Zr0.2Mn1Cr1,AB2,HydPark,1.8,303,DOE_data_url
Ti0.8Zr0.2V0.6Mn0.2Pd0.1Ni0.8Fe0.2,AB2,HydPark,1.3,298,DOE_data_url
Ti0.8Zr0.3Mn1.4La0.05V0.2Cr0.2,AB2,HydPark,1.8,293,DOE_data_url
Ti0.8Zr0.3Mn1.4Mo0.05Cu0.05V0.2Cr0.2,AB2,HydPark,1.9,293,DOE_data_url
Ti0.8Zr0.3Mn1.4Mo0.1V0.1Cr0.2,AB2,HydPark,1.8,293,DOE_data_url
Ti0.8Zr0.3Mn1.5V0.4Cr0.2,AB2,HydPark,1.7,293,DOE_data_url
Ti0.8Zr0.3Mn1.6Cr0.2Al0.1,AB2,HydPark,0.7,293,DOE_data_url
Ti0.95Zr0.05Cr1.2Mn0.6Co0.2,AB2,HydPark,1.8,293,DOE_data_url
Ti0.95Zr0.05Cr1.2Mn0.75V0.05,AB2,HydPark,1.8,293,DOE_data_url
Ti0.95Zr0.05Cr1.2Mn0.7V0.1,AB2,HydPark,1.8,293,DOE_data_url
Ti0.95Zr0.05Cr1.2Mn0.8,AB2,HydPark,1.7,293,DOE_data_url
Ti0.95Zr0.05Mn1.45Al0.5,AB2,HydPark,1.4,298,DOE_data_url
Ti0.95Zr0.05Mn1.45Co0.5,AB2,HydPark,1.9,298,DOE_data_url
Ti0.95Zr0.05Mn1.45Cr0.5,AB2,HydPark,1.9,298,DOE_data_url
Ti0.95Zr0.05Mn1.45Ni0.5,AB2,HydPark,1.9,298,DOE_data_url
Ti0.95Zr0.05Mn1.45V0.5,AB2,HydPark,2,298,DOE_data_url
Ti0.95Zr0.05Mn1.48V0.43Fe0.08Al0.01,AB2,HydPark,1.9,293,DOE_data_url
Ti0.95Zr0.05Mn1.95,AB2,HydPark,1.9,298,DOE_data_url
Ti0.98Zr0.02Mn1.5V0.43Fe0.09Cr0.05,AB2,HydPark,1.9,293,DOE_data_url
Ti0.98Zr0.02V0.43Fe0.09Cr0.05Mn1.5,AB2,HydPark,1.6,293,DOE_data_url
Ti0.9Zr0.15Mn1.6Cr0.2V0.2,AB2,HydPark,2.1,298,DOE_data_url
Ti0.9Zr0.1Mn1.4Cr0.45Fe0.15,AB2,HydPark,2.2,293,DOE_data_url
Ti0.9Zr0.1Mn1.4Cr0.4V0.2,AB2,HydPark,1.7,300,DOE_data_url
Ti0.9Zr0.2Mn1.4Cr0.4V0.2Fe0.2,AB2,HydPark,2.1,298,DOE_data_url
Ti0.9Zr0.2Mn1.4Cr0.4V0.2,AB2,HydPark,2.1,298,DOE_data_url
Ti0.9Zr0.2Mn1.6Cr0.2V0.2Fe0.2,AB2,HydPark,2.1,298,DOE_data_url
Ti0.9Zr0.2Mn1.6Ni0.2V0.2Fe0.2,AB2,HydPark,2,298,DOE_data_url
Ti0.9Zr0.2Mn1.6Ni0.2V0.2,AB2,HydPark,2.1,298,DOE_data_url
Ti0.9Zr0.2Mn1.8V0.2Fe0.2,AB2,HydPark,2,298,DOE_data_url
Ti0.9Zr0.2Mn1.8V0.2,AB2,HydPark,2.1,298,DOE_data_url
Ti0.9Zr0.3Mn1.3Cu0.05Mo0.05V0.2Cr0.2,AB2,HydPark,2,293,DOE_data_url
Ti0.85Zr0.15MnCr0.8V0.1Cu0.1,AB2,HydPark,1.7,303,DOE_data_url
Ti0.9Zr0.1Mn1.4Cr0.4V0.2,AB2,HydPark,1.8,303,DOE_data_url
Ti0.9Zr0.1MnCr0.9V0.1,AB2,HydPark,1.7,303,DOE_data_url
Ti1.2Cr1.9Mn0.1,AB2,HydPark,1.8,263,DOE_data_url
Ti1.2CrMn,AB2,HydPark,2,263,DOE_data_url
Ti1Cr1.8,AB2,HydPark,1.9,241,DOE_data_url
Ti1Cr1.8,AB2,HydPark,2.43,253,DOE_data_url
Ti1Cr1.8Mo0.2,AB2,HydPark,2.6,233,DOE_data_url
Ti1Cr1.8V0.2,AB2,HydPark,2.9,233,DOE_data_url
Ti1Cr2,AB2,HydPark,1.8,233,DOE_data_url
Ti1Cr1Mn1,AB2,HydPark,1.7,257,DOE_data_url
Ti1Cr1Mn1,AB2,HydPark,2.1,313,DOE_data_url
Ti1Cr1Mn0.85Fe0.3V0.15,AB2,HydPark,1.6,293,DOE_data_url
Ti1Mn1.25Cr0.25,AB2,HydPark,2.1,293,DOE_data_url
Ti1Mn1.28V0.6Fe0.15,AB2,HydPark,2.15,293,DOE_data_url
Ti1Mn1.2Fe0.37,AB2,HydPark,1.4,283,DOE_data_url
Ti1Mn1.2V0.8,AB2,HydPark,2.1,323,DOE_data_url
Ti1Mn1.3Fe0.11,AB2,HydPark,1.7,297,DOE_data_url
Ti1Mn1.45Al0.5,AB2,HydPark,1.5,298,DOE_data_url
Ti1Mn1.45Co0.5,AB2,HydPark,1.9,298,DOE_data_url
Ti1Mn1.45Cr0.5,AB2,HydPark,1.9,298,DOE_data_url
Ti1Mn1.45Ni0.5,AB2,HydPark,1.9,298,DOE_data_url
Ti1Mn1.45V0.5,AB2,HydPark,2.1,298,DOE_data_url
Ti1Mn1.4V0.62,AB2,HydPark,2.15,293,DOE_data_url
Ti1Mn1.5,AB2,HydPark,1.9,293,DOE_data_url
Ti1Mn1.5V0.45Fe0.1,AB2,HydPark,1.32,333,DOE_data_url
Ti1Mn1.95,AB2,HydPark,2,298,DOE_data_url
Ti1MnV0.5,AB2,HydPark,2.6,298,DOE_data_url
Ti1MnV0.9Cr0.1,AB2,HydPark,2.45,318,DOE_data_url
Ti1V1.4Ni0.6,AB2,HydPark,2.9,333,DOE_data_url
Ti1V1.5Fe0.4Mn0.1,AB2,HydPark,3.3,323,DOE_data_url
Ti1V1.6Ni0.4,AB2,HydPark,3.3,393,DOE_data_url
Ti1V1.8Ni0.2,AB2,HydPark,3.6,363,DOE_data_url
Ti1V1Mn,AB2,HydPark,2.4,343,DOE_data_url
Tm1Fe2,AB2,HydPark,1.6,353,DOE_data_url
U1Ni1Al1,AB2,HydPark,0.5,373,DOE_data_url
U1Ni1Al1,AB2,HydPark,0.7,400,DOE_data_url
U1Ti2,AB2,HydPark,1.9,673,DOE_data_url
Y1Co2,AB2,HydPark,1.8,298,DOE_data_url
Y1Fe2,AB2,HydPark,2.1,293,DOE_data_url
Zr0.2Ho0.8Co1Fe1,AB2,HydPark,3.3,300,DOE_data_url
Zr0.2Ho0.8Fe0.5Co1.5,AB2,HydPark,1.3,300,DOE_data_url
Zr0.5Ti0.5Cr1Fe1,AB2,HydPark,1.8,296,DOE_data_url
Zr0.5Ti0.5Mn0.4V0.6Ni0.85Al0.15,AB2,HydPark,1.6,303,DOE_data_url
Zr0.5Ti0.5Mn0.4V0.6Ni0.85Co0.15,AB2,HydPark,1.6,303,DOE_data_url
Zr0.5Ti0.5Mn0.4V0.6Ni0.85Cu0.15,AB2,HydPark,1.6,303,DOE_data_url
Zr0.5Ti0.5Mn0.4V0.6Ni0.85Fe0.15,AB2,HydPark,1.6,303,DOE_data_url
Zr0.5Ti0.5Mn0.4V0.6Ni0.85Mo0.15,AB2,HydPark,1.6,303,DOE_data_url
Zr0.5Ti0.5Mn1.2Fe0.3,AB2,HydPark,1.6,423,DOE_data_url
Zr0.65Ti0.35Mn0.528V0.2464Cr0.1936Ni0.7568,AB2,HydPark,1.7,303,DOE_data_url
Zr0.6Ho0.4Co2,AB2,HydPark,1,323,DOE_data_url
Zr0.6Ti0.4Mn2,AB2,HydPark,1.7,296,DOE_data_url
Zr0.76Ti0.24Ni1.16Mn0.63V0.14Fe0.18,AB2,HydPark,1.6,303,DOE_data_url
Zr0.79Ti0.21MnFe1.02,AB2,HydPark,1.5,303,DOE_data_url
Zr0.7Ce0.3Mn2,AB2,HydPark,1.6,373,DOE_data_url
Zr0.7Ti0.3Cr0.3Mn0.3V0.4Ni1.0,AB2,HydPark,1.8,323,DOE_data_url
Zr0.7Ti0.3Cr0.6Fe1.4,AB2,HydPark,1.5,296,DOE_data_url
Zr0.7Ti0.3Cr1Fe1,AB2,HydPark,1.7,296,DOE_data_url
Zr0.7Ti0.3Mn2,AB2,HydPark,1.7,303,DOE_data_url
Zr0.7Ti0.3Mn2Fe0.8,AB2,HydPark,0.8,298,DOE_data_url
Zr0.7Ti0.3Mn1Fe1,AB2,HydPark,1.7,296,DOE_data_url
Zr0.7Ti0.3Ni1.0V0.4Mn0.3Cr0.3,AB2,HydPark,1.7,303,DOE_data_url
Zr0.8Ce0.2Mn2,AB2,HydPark,1.6,373,DOE_data_url
Zr0.8Ti0.2Cr0.6Fe1.4,AB2,HydPark,1.6,296,DOE_data_url
Zr0.8Ti0.2Cr1.25Mn,AB2,HydPark,1.8,338,DOE_data_url
Zr0.8Ti0.2Cr1Co0.8V0.2,AB2,HydPark,1.7,423,DOE_data_url
Zr0.8Ti0.2Fe1Mn1,AB2,HydPark,1.4,303,DOE_data_url
Zr0.8Ti0.2Mn0.6Ni1.4,AB2,HydPark,0.8,298,DOE_data_url
Zr0.8Ti0.2Mn1Fe1,AB2,HydPark,1.7,296,DOE_data_url
Zr0.8Ti0.2Ni1.2V0.6Co0.2,AB2,HydPark,1.8,340,DOE_data_url
Zr0.8Ti0.2Ni1.2V0.6Mn0.2,AB2,HydPark,1.8,340,DOE_data_url
Zr0.8Ti0.2Ni1.2V0.6Mo0.2,AB2,HydPark,1.8,340,DOE_data_url
Zr0.8Ti0.2Ni1.2V0.6Si0.2,AB2,HydPark,1.9,340,DOE_data_url
Zr0.9Ti0.1Mn0.644V0.46Ni1.104,AB2,HydPark,0.7,303,DOE_data_url
Zr0.9Ti0.1Cr0.55Fe1.45,AB2,HydPark,1.6,283,DOE_data_url
Zr0.9Ti0.1Cr1Co0.8V0.2,AB2,HydPark,1.7,423,DOE_data_url
Zr0.9Ti0.1Cr1Fe1,AB2,HydPark,1.6,303,DOE_data_url
Zr0.9Ti0.1Cr1Fe0.8V0.2,AB2,HydPark,1.8,423,DOE_data_url
Zr0.9Ti0.1Cr1Ni0.8V0.2,AB2,HydPark,1.8,423,DOE_data_url
Zr0.9Ti0.1Mn1Fe1,AB2,HydPark,1.5,303,DOE_data_url
Zr0.9Ti0.1Ni1.1Mn0.6V0.2Co0.1,AB2,HydPark,1.5,313,DOE_data_url
Zr0.9Ti0.1Ni1.3V0.2Mn0.6La0.05,AB2,HydPark,1.4,313,DOE_data_url
Zr0.9Ti0.1V0.5Fe1.5,AB2,HydPark,1.5,323,DOE_data_url
Zr1Fe1.1Cr1.1,AB2,HydPark,1.5,318,DOE_data_url
Zr1Fe1.5Cr0.5,AB2,HydPark,1.5,318,DOE_data_url
Zr1Mn0.76N1.14,AB2,HydPark,1.7,303,DOE_data_url
Zr1Ni1.44V0.48Mn0.48,AB2,HydPark,1.6,303,DOE_data_url
Zr1Be2,AB2,HydPark,2.1,295,DOE_data_url
Zr1Co1.5Al0.5,AB2,HydPark,1,293,DOE_data_url
Zr1Co1.5V0.5,AB2,HydPark,1.5,323,DOE_data_url
Zr1Co1Cr1,AB2,HydPark,1.6,323,DOE_data_url
Zr1Co1V1,AB2,HydPark,1.8,323,DOE_data_url
Zr1Co1V0.2Cr0.8,AB2,HydPark,1.5,373,DOE_data_url
Zr1Cr0.6Fe1.4,AB2,HydPark,1.5,296,DOE_data_url
Zr1Cr0.8Co0.8V0.4,AB2,HydPark,1.8,403,DOE_data_url
Zr1Cr1.2Fe0.8,AB2,HydPark,1.4,343,DOE_data_url
Zr1Cr1.2Ni0.8,AB2,HydPark,2,343,DOE_data_url
Zr1Cr1.75Ge0.25,AB2,HydPark,1.3,473,DOE_data_url
Zr1Cr2,AB2,HydPark,1.8,300,DOE_data_url
Zr1Cr2Co0.8,AB2,HydPark,1,373,DOE_data_url
Zr1Cr2Fe0.8,AB2,HydPark,1.2,373,DOE_data_url
Zr1Cr2Ni0.8,AB2,HydPark,1.4,373,DOE_data_url
Zr1Cr1Co0.6V0.4,AB2,HydPark,1.6,453,DOE_data_url
Zr1Cr1Co0.8V0.2,AB2,HydPark,2.2,423,DOE_data_url
Zr1Cr1Fe1,AB2,HydPark,1.6,324,DOE_data_url
Zr1Cr1Fe1.2,AB2,HydPark,1.4,393,DOE_data_url
Zr1Cr1Fe1.6,AB2,HydPark,1.3,296,DOE_data_url
Zr1Cr1Fe1.8,AB2,HydPark,1.3,296,DOE_data_url
Zr1Cr1Fe1Cu0.8,AB2,HydPark,1.2,296,DOE_data_url
Zr1Cr1Fe1Mn0.8,AB2,HydPark,1.4,296,DOE_data_url
Zr1Cr1Ni1,AB2,HydPark,1.4,303,DOE_data_url
Zr1Fe1.4Cr1,AB2,HydPark,1.7,296,DOE_data_url
Zr1Fe1.4Cr0.6,AB2,HydPark,1.5,293,DOE_data_url
Zr1Fe1.5Al0.5,AB2,HydPark,1,293,DOE_data_url
Zr1Fe1.5Cr1,AB2,HydPark,1.5,296,DOE_data_url
Zr1Fe1.5Cr0.5,AB2,HydPark,1.5,293,DOE_data_url
Zr1Fe1.5V0.5,AB2,HydPark,1.6,323,DOE_data_url
Zr1Fe1.6Al0.4,AB2,HydPark,1,297,DOE_data_url
Zr1Fe1Cr1,AB2,HydPark,1.7,323,DOE_data_url
Zr1Fe1Mn1,AB2,HydPark,1.6,423,DOE_data_url
Zr1Fe1Mn1Cr0.25,AB2,HydPark,1.6,318,DOE_data_url
Zr1Fe1Mn1Ni0.4,AB2,HydPark,0.8,296,DOE_data_url
Zr1Fe1Mo1,AB2,HydPark,1.2,303,DOE_data_url
Zr1Fe1V1,AB2,HydPark,1.6,323,DOE_data_url
Zr1Mn0.5V0.5Ni1.4,AB2,HydPark,1.6,303,DOE_data_url
Zr1Mn0.6Ni1.4,AB2,HydPark,0.9,298,DOE_data_url
Zr1Mn0.6V0.2Co0.1Ni1.2,AB2,HydPark,1.6,298,DOE_data_url
Zr1Mn0.6V0.2Co0.1Ni1.2,AB2,HydPark,1.6,313,DOE_data_url
Zr1Mn0.6V0.2Ni1.2,AB2,HydPark,1.8,298,DOE_data_url
Zr1Mn0.8Ni1.2,AB2,HydPark,1.7,298,DOE_data_url
Zr1Mn1.11Fe1.22,AB2,HydPark,1.3,303,DOE_data_url
Zr1Mn1.11Fe1.22,AB2,HydPark,1.5,373,DOE_data_url
Zr1Mn1.22Fe1.11,AB2,HydPark,1.5,296,DOE_data_url
Zr1Mn1.22Fe1.14,AB2,HydPark,1.2,313,DOE_data_url
Zr1Mn1.2Fe0.4,AB2,HydPark,1.5,323,DOE_data_url
Zr1Mn1.52Co0.4V0.08,AB2,HydPark,1.2,473,DOE_data_url
Zr1Mn1.53Fe1.27,AB2,HydPark,1,296,DOE_data_url
Zr1Mn1.6Co0.4,AB2,HydPark,1.3,423,DOE_data_url
Zr1Mn1.8,AB2,HydPark,1.6,323,DOE_data_url
Zr1Mn1.8Co0.2,AB2,HydPark,1.2,473,DOE_data_url
Zr1Mn1.8Fe0.2,AB2,HydPark,1.2,473,DOE_data_url
Zr1Mn1.8Ni0.2,AB2,HydPark,1.1,473,DOE_data_url
Zr1Mn1.8V0.2,AB2,HydPark,1.3,473,DOE_data_url
Zr1Mn2,AB2,HydPark,1.7,323,DOE_data_url
Zr1Mn2,AB2,HydPark,1.8,353,DOE_data_url
Zr1Mn2.4,AB2,HydPark,1.6,323,DOE_data_url
Zr1Mn2.5,AB2,HydPark,1.4,323,DOE_data_url
Zr1Mn2.6Fe0.2,AB2,HydPark,1.4,373,DOE_data_url
Zr1Mn2.7,AB2,HydPark,1.3,373,DOE_data_url
Zr1Mn2.8,AB2,HydPark,1.5,296,DOE_data_url
Zr1Mn2.8,AB2,HydPark,1.6,323,DOE_data_url
Zr1Mn2.8Fe0.4,AB2,HydPark,1.2,373,DOE_data_url
Zr1Mn2.8Ni0.4,AB2,HydPark,1.3,296,DOE_data_url
Zr1Mn2Co0.8,AB2,HydPark,0.9,296,DOE_data_url
Zr1Mn2Cu0.8,AB2,HydPark,1.4,323,DOE_data_url
Zr1Mn2Fe0.8,AB2,HydPark,1.4,296,DOE_data_url
Zr1Mn2Fe1.2,AB2,HydPark,0.7,298,DOE_data_url
Zr1Mn2Ni0.8,AB2,HydPark,1.3,296,DOE_data_url
Zr1Mn3,AB2,HydPark,1.3,323,DOE_data_url
Zr1Mn3.8,AB2,HydPark,1.2,303,DOE_data_url
Zr1Mn1Fe0.7Co0.3,AB2,HydPark,1.2,303,DOE_data_url
Zr1Mo2,AB2,HydPark,1,195,DOE_data_url
Zr1Mo1Cr1,AB2,HydPark,1.3,298,DOE_data_url
Zr1Ni1.2Cr0.8,AB2,HydPark,1.6,298,DOE_data_url
Zr1Ni1.2Cr0.8La0.05,AB2,HydPark,1.7,298,DOE_data_url
Zr1Ni1.2Mn0.5Cr0.2V0.1,AB2,HydPark,1.6,343,DOE_data_url
Zr1Ni1.2Mn0.6Cr0.2,AB2,HydPark,1.45,343,DOE_data_url
Zr1Ni1Al1,AB2,HydPark,0.3,313,DOE_data_url
Zr1V0.7Mn0.5Ni1.2,AB2,HydPark,1.6,333,DOE_data_url
Ca1Ni4B1,AB5,HydPark,1.2,300,DOE_data_url
Ca1Ni5,AB5,HydPark,1.9,293,DOE_data_url
Ca1Ni5,AB5,HydPark,1.9,298,DOE_data_url
Ce0.5La0.5Ni2.5Cu2.5,AB5,HydPark,1.1,296,DOE_data_url
Ce0.6La0.4Ni5,AB5,HydPark,1.5,298,DOE_data_url
Ce0.7La0.3Ni5,AB5,HydPark,1.4,293,DOE_data_url
Ce0.8La0.2Ni4.7Cu0.3,AB5,HydPark,1.5,296,DOE_data_url
Ce0.8La0.2Ni5,AB5,HydPark,1.5,296,DOE_data_url
Ce0.8Pr0.2Ni2.5Cu2.5,AB5,HydPark,1.05,296,DOE_data_url
Ce0.2Pr0.8Co5 ,AB5,HydPark,0.6,293,DOE_data_url
Ce0.4Pr0.6Co5 ,AB5,HydPark,0.6,293,DOE_data_url
Ce0.5La0.5Ni5,AB5,HydPark,1.4,293,DOE_data_url
Ce0.6Pr0.4Co5 ,AB5,HydPark,0.6,293,DOE_data_url
Ce0.7La0.7Ni5,AB5,HydPark,1.4,293,DOE_data_url
Ce0.8La0.2Ni5,AB5,HydPark,1.5,333,DOE_data_url
Ce0.8Pr0.2Co5 ,AB5,HydPark,0.6,293,DOE_data_url
Ce1Co5,AB5,HydPark,0.5,293,DOE_data_url
Ce1Co5,AB5,HydPark,0.65,323,DOE_data_url
Ce1Fe5,AB5,HydPark,0.7,373,DOE_data_url
CeNi3.55Mn0.4Al0.3Co0.75,AB5,HydPark,1.2,298,DOE_data_url
CeNi4.25Mn0.75,AB5,HydPark,1.4,296,DOE_data_url
CeNi4.5Al0.5,AB5,HydPark,1.4,296,DOE_data_url
CeNi4.5Mn0.5,AB5,HydPark,1.2,296,DOE_data_url
Ce1Ni5,AB5,HydPark,1.5,296,DOE_data_url
Ce1Ni5,AB5,HydPark,1.4,298,DOE_data_url
Dy1Ni4.25Ga0.75,AB5,HydPark,0.8,293,DOE_data_url
Dy1Ni4Al1,AB5,HydPark,0.8,293,DOE_data_url
Er1Ni3.5Al1.5,AB5,HydPark,0.7,388,DOE_data_url
Eu1Ni5,AB5,HydPark,1.2,298,DOE_data_url
Gd1Co5,AB5,HydPark,0.4,294,DOE_data_url
Gd1Ni4.5Al0.5,AB5,HydPark,0.9,293,DOE_data_url
Gd1Ni4Al1,AB5,HydPark,0.9,293,DOE_data_url
Gd1Ni5,AB5,HydPark,0.6,296,DOE_data_url
Ho1Ni4Al1,AB5,HydPark,0.9,333,DOE_data_url
La0.4Ce0.2Ca0.5Ni3.55Co0.75Mn0.4Al0.3,AB5,HydPark,1.2,295,DOE_data_url
La0.5Ce0.4Ti0.1Ni3.77Cu0.6Fe0.6Cr0.6Mn0.36Al0.27,AB5,HydPark,1.2,303,DOE_data_url
La0.65Nd0.2Pr0.15Ni3.55Co0.75Mn0.4Al0.3,AB5,HydPark,1.4,296,DOE_data_url
La0.6Ca0.4Ni5 ,AB5,HydPark,1.7,311,DOE_data_url
La0.6Ce0.4Ni3.77Cu0.6Fe0.6Cr0.6Mn0.36Al0.27,AB5,HydPark,1.3,303,DOE_data_url
La0.6Ce0.4Ni3.77Co0.6Mn0.36Al0.27,AB5,HydPark,1.4,303,DOE_data_url
La0.7Sm0.3Ni4Fe,AB5,HydPark,1.15,323,DOE_data_url
La0.8Ba0.2Ni5,AB5,HydPark,1.3,298,DOE_data_url
La0.8Ca0.2Ni5,AB5,HydPark,1.6,298,DOE_data_url
La0.8Ce0.2Ca0.1Ni3.55Co0.75Mn0.4Al0.3,AB5,HydPark,1.45,295,DOE_data_url
La0.8Ce0.2Ni4.25Co0.5Sn0.25,AB5,HydPark,1.2,298,DOE_data_url
La0.8Ce0.2Ni4.8Sn0.25,AB5,HydPark,1.3,298,DOE_data_url
La0.8Er0.2Ni5,AB5,HydPark,1.45,313,DOE_data_url
La0.8Gd0.2Ni5,AB5,HydPark,1.5,313,DOE_data_url
La0.8Nd0.2Ni2.4Co2.5Si0.1,AB5,HydPark,1.3,293,DOE_data_url
La0.8Nd0.2Ni5,AB5,HydPark,1.5,313,DOE_data_url
La0.8Th0.2Ni5,AB5,HydPark,1.41,313,DOE_data_url
La0.8Y0.2Ni4.8Mn0.2,AB5,HydPark,1.6,298,DOE_data_url
La0.8Y0.2Ni5,AB5,HydPark,1.5,313,DOE_data_url
La0.8Zr0.2Ni5,AB5,HydPark,1.3,313,DOE_data_url
La0.9Mg0.1Ni5,AB5,HydPark,1.4,298,DOE_data_url
La0.9Nd0.05Pr0.05Ni3.5Co0.65Al0.3Mn0.4,AB5,HydPark,1.3,323,DOE_data_url
La0.13Ce0.35Pr0.52Co5,AB5,HydPark,0.8,323,DOE_data_url
La0.1Ce0.9Co5,AB5,HydPark,0.6,293,DOE_data_url
La0.2Ce0.8Co5,AB5,HydPark,0.6,293,DOE_data_url
La0.2Pr0.8Co5,AB5,HydPark,0.7,293,DOE_data_url
La0.4Ce0.6Co5,AB5,HydPark,0.6,293,DOE_data_url
La0.4Pr0.6Co5 ,AB5,HydPark,0.9,293,DOE_data_url
La0.5Ce0.5Ni5,AB5,HydPark,1.3,298,DOE_data_url
La0.65Ce0.28Pr0.07Co5,AB5,HydPark,1,323,DOE_data_url
La0.66Ce0.2Pr0.14Co5,AB5,HydPark,1,323,DOE_data_url
La0.6Pr0.4Co5,AB5,HydPark,0.9,293,DOE_data_url
La0.75Ce0.25Ni4Cu0.8Al0.2,AB5,HydPark,1.4,295,DOE_data_url
La0.75Ce0.25Ni4Cu0.9Al0.1,AB5,HydPark,1.4,295,DOE_data_url
La0.75Pr0.25Ni4.5Cu0.3Al0.2,AB5,HydPark,1.4,295,DOE_data_url
La0.7Ce0.3Co5,AB5,HydPark,0.7,293,DOE_data_url
La0.8Ce0.2Co5,AB5,HydPark,0.8,293,DOE_data_url
La0.8Pr0.2Co5,AB5,HydPark,0.9,293,DOE_data_url
La1.02Ni4.75Sn0.25,AB5,HydPark,1.2,300,DOE_data_url
La1Co4.95Mn0.05,AB5,HydPark,1.6,294,DOE_data_url
La1Co5 ,AB5,HydPark,1.9,294,DOE_data_url
La1Cu5,AB5,HydPark,0.7,298,DOE_data_url
La1Cu5,AB5,HydPark,0.8,374,DOE_data_url
La1Fe5,AB5,HydPark,0.6,373,DOE_data_url
La1Ni2.5Co2.5,AB5,HydPark,1,293,DOE_data_url
La1Ni2.5Co2.5 ,AB5,HydPark,1.2,303,DOE_data_url
La1Ni2Cu3,AB5,HydPark,0.9,308,DOE_data_url
La1Ni2FeCu2,AB5,HydPark,1.1,295,DOE_data_url
La1Ni3.55Mn0.4Al0.3Co0.75,AB5,HydPark,1.3,298,DOE_data_url
La1Ni3.5Mn1.5,AB5,HydPark,1.1,373,DOE_data_url
La1Ni3.92Al0.98,AB5,HydPark,1.1,523,DOE_data_url
La1Ni3.95Al0.3Co0.75,AB5,HydPark,1.4,313,DOE_data_url
La1Ni3Al1Cu1,AB5,HydPark,1,333,DOE_data_url
La1Ni3Co2,AB5,HydPark,1.5,298,DOE_data_url
La1Ni3Cr0.5Cu1.5,AB5,HydPark,1.1,295,DOE_data_url
La1Ni3Cu2,AB5,HydPark,1.1,308,DOE_data_url
La1Ni3Fe1Cu1,AB5,HydPark,1.1,295,DOE_data_url
La1Ni4.25Al0.75,AB5,HydPark,1.13,313,DOE_data_url
La1Ni4.25Co0.5Sn0.25,AB5,HydPark,1.38,298,DOE_data_url
La1Ni4.33B0.67,AB5,HydPark,1,296,DOE_data_url
La1Ni4.4B0.6,AB5,HydPark,0.62,298,DOE_data_url
La1Ni4.4Zn0.6,AB5,HydPark,1.4,293,DOE_data_url
La1Ni4.55Al0.45,AB5,HydPark,1.3,313,DOE_data_url
La1Ni4.55Al0.45,AB5,HydPark,1.6,353,DOE_data_url
La1Ni4.5Al0.5,AB5,HydPark,1.3,293,DOE_data_url
La1Ni4.5Al0.5,AB5,HydPark,1.4,298,DOE_data_url
La1Ni4.5Al0.5,AB5,HydPark,1.38,333,DOE_data_url
La1Ni4.5Cr0.5,AB5,HydPark,1.3,293,DOE_data_url
La1Ni4.5Cu0.5,AB5,HydPark,1.3,293,DOE_data_url
La1Ni4.5Mn0.5,AB5,HydPark,1.4,323,DOE_data_url
La1Ni4.5Mn0.3Al0.3,AB5,HydPark,1.3,308,DOE_data_url
La1Ni4.5Pd0.5,AB5,HydPark,1.28,298,DOE_data_url
La1Ni4.5Si0.5,AB5,HydPark,1,298,DOE_data_url
La1Ni4.61Mn0.26Al0.13,AB5,HydPark,1.4,373,DOE_data_url
La1Ni4.65Mn0.2Al0.15,AB5,HydPark,1.5,293,DOE_data_url
La1Ni4.6Al0.4,AB5,HydPark,1.38,321,DOE_data_url
La1Ni4.6Cu0.3Mn0.1,AB5,HydPark,1.4,308,DOE_data_url
La1Ni4.6Ge0.4,AB5,HydPark,1.2,303,DOE_data_url
La1Ni4.6In0.4,AB5,HydPark,1.2,293,DOE_data_url
La1Ni4.6Mn0.4,AB5,HydPark,1.49,298,DOE_data_url
La1Ni4.6Si0.4,AB5,HydPark,1,298,DOE_data_url
La1Ni4.6Si0.4,AB5,HydPark,1,303,DOE_data_url
La1Ni4.6Sn0.4,AB5,HydPark,1.26,293,DOE_data_url
La1Ni4.75Al0.25,AB5,HydPark,1.4,323,DOE_data_url
La1Ni4.75Al0.25,AB5,HydPark,1.2,308,DOE_data_url
La1Ni4.75Sn0.25,AB5,HydPark,1.3,296,DOE_data_url
La1Ni4.75Sn0.25,AB5,HydPark,1.3,298,DOE_data_url
La1Ni4.7Al0.3,AB5,HydPark,1.44,298,DOE_data_url
La1Ni4.7Al0.3,AB5,HydPark,1.3,293,DOE_data_url
La1Ni4.7Al0.3,AB5,HydPark,1.4,313,DOE_data_url
La1Ni4.7Ge0.3,AB5,HydPark,1.3,296,DOE_data_url
La1Ni4.7Mn0.3,AB5,HydPark,1.4,293,DOE_data_url
La1Ni4.7Si0.3,AB5,HydPark,1.1,298,DOE_data_url
La1Ni4.7Si0.3,AB5,HydPark,1.1,300,DOE_data_url
La1Ni4.7Sn0.3,AB5,HydPark,1.37,298,DOE_data_url
La1Ni4.82Si0.25,AB5,HydPark,1.6,293,DOE_data_url
La1Ni4.84Sn0.32,AB5,HydPark,1.2,311,DOE_data_url
La1Ni4.8Fe0.2,AB5,HydPark,1.3,323,DOE_data_url
La1Ni4.8Sn0.2,AB5,HydPark,1.4,298,DOE_data_url
La1Ni4.95Sn0.05,AB5,HydPark,1.3,373,DOE_data_url
La1Ni4.9Al0.1,AB5,HydPark,1.5,298,DOE_data_url
La1Ni4.9Mn0.1,AB5,HydPark,1.4,308,DOE_data_url
La1Ni4.9Sn0.1,AB5,HydPark,1.3,308,DOE_data_url
La1Ni4Ag1,AB5,HydPark,1.1,313,DOE_data_url
La1Ni4Al1,AB5,HydPark,1.1,293,DOE_data_url
La1Ni4Al0.5Cu0.5,AB5,HydPark,1.4,295,DOE_data_url
La1Ni4Co1,AB5,HydPark,1.4,313,DOE_data_url
La1Ni4Co0.6Al0.4,AB5,HydPark,1.5,333,DOE_data_url
La1Ni4Cr1,AB5,HydPark,0.8,293,DOE_data_url
La1Ni4Cr1,AB5,HydPark,1.1,313,DOE_data_url
La1Ni4Cu1,AB5,HydPark,1.2,293,DOE_data_url
La1Ni4Cu1,AB5,HydPark,1.32,313,DOE_data_url
La1Ni4Fe1,AB5,HydPark,0.8,313,DOE_data_url
La1Ni4Fe0.5Cu0.5,AB5,HydPark,1.3,295,DOE_data_url
La1Ni4Mn1,AB5,HydPark,1.2,293,DOE_data_url
La1Ni5,AB5,HydPark,1.5,195,DOE_data_url
La1Ni5,AB5,HydPark,1.5,218,DOE_data_url
La1Ni5,AB5,HydPark,1.8,233,DOE_data_url
La1Ni5.2Mn0.05Al0.05,AB5,HydPark,0.8,293,DOE_data_url
La1Ni5.5Mn0.1Al0.05,AB5,HydPark,1,293,DOE_data_url
La1Ni5.63,AB5,HydPark,1.3,298,DOE_data_url
La1Ni6.37Mn0.33,AB5,HydPark,0.8,293,DOE_data_url
La1Ni1Co4,AB5,HydPark,1,313,DOE_data_url
La1Pt5,AB5,HydPark,0.36,294,DOE_data_url
Nd1Co5,AB5,HydPark,0.62,295,DOE_data_url
Nd1Co5,AB5,HydPark,0.77,303,DOE_data_url
Nd1Cu5,AB5,HydPark,0.66,373,DOE_data_url
Nd1Ni4.6Sn0.4,AB5,HydPark,1,293,DOE_data_url
Nd1Ni4.8Sn0.2,AB5,HydPark,1.1,293,DOE_data_url
Nd1Ni4.9Sn0.1,AB5,HydPark,1.2,293,DOE_data_url
Nd1Ni5,AB5,HydPark,0.9,293,DOE_data_url
Nd1Ni5 ,AB5,HydPark,1.33,303,DOE_data_url
Pr0.8Ce0.3Cu5,AB5,HydPark,0.43,373,DOE_data_url
Pr1Co5,AB5,HydPark,0.8,294,DOE_data_url
Pr1Co5 ,AB5,HydPark,0.8,293,DOE_data_url
Pr1Cu5,AB5,HydPark,0.57,373,DOE_data_url
Pr1Ni2.5Cu2.5,AB5,HydPark,0.8,296,DOE_data_url
Pr1Ni4.5Fe0.5 ,AB5,HydPark,1.26,296,DOE_data_url
Pr1Ni5,AB5,HydPark,1.58,296,DOE_data_url
Pr1Ni5 ,AB5,HydPark,1.4,293,DOE_data_url
Sm1Co5,AB5,HydPark,0.64,293,DOE_data_url
Sm1Co5,AB5,HydPark,0.7,298,DOE_data_url
Sm1Ni5,AB5,HydPark,0.9,296,DOE_data_url
Tb1Ni4.5Al0.5,AB5,HydPark,1.1,293,DOE_data_url
Tb1Ni4Al1,AB5,HydPark,0.9,293,DOE_data_url
Th1Co5,AB5,HydPark,0.6,294,DOE_data_url
Th1Ni4Al1,AB5,HydPark,0.5,297,DOE_data_url
Y1Co5,AB5,HydPark,0.73,304,DOE_data_url
Y1Ni4.25Al0.75,AB5,HydPark,1.1,294,DOE_data_url
Y1Ni4.5Al0.5,AB5,HydPark,1.1,293,DOE_data_url
Y1Ni4Al1,AB5,HydPark,1,333,DOE_data_url
Y1Ni4Mn1,AB5,HydPark,1.2,294,DOE_data_url
Y1Ni5,AB5,HydPark,1.14,296,DOE_data_url
Ca1Al1.8B0.2,AB2,HydPark,0.7,313,DOE_data_url
Ca1Ni5,AB5,HydPark,0.3,295,DOE_data_url
Ti1Be2,AB2,HydPark,4.4,295,DOE_data_url
Zr1Mg1Ni2V2,AB2,Extracted,1.8,300,https://doi.org/10.1016/j.pnsc.2021.01.008
Ce1Ni4Cr1,AB5,Extracted,4.73,293,https://doi.org/10.1016/j.jallcom.2006.05.013
La0.55Y0.45Ni5,AB5,Extracted,1.3,253,https://doi.org/10.1016/j.jallcom.2005.01.127
Zr1Fe1.9,AB2,Extracted,1.8,295,http://dx.doi.org/10.1016/j.ijhydene.2010.06.118
Ce1Ni4Zr1,AB5,Extracted,4.94,293,https://doi.org/10.1016/j.jallcom.2006.08.326
La0.7Mg0.3Ni2.65Mn0.1Co0.90,AB5,Extracted,1.56,303,https://doi.org/10.1016/j.jallcom.2004.06.044
La1Ni4.7Al0.3,AB5,Extracted,1.43,353,https://doi.org/10.1007/s12034-014-0014-5
Zr1.05Fe1.9Cr0.1,AB2,Extracted,0.95,243,https://doi.org/10.1016/j.jallcom.2019.07.170
Zr1.05Fe1.85Cr0.15,AB2,Extracted,1.53,243,https://doi.org/10.1016/j.jallcom.2019.07.170
La0.9Ce0.1Ni5,AB5,Extracted,1.4,373,https://www.academia.edu/56368339/Stabilisation_of_high_dissociation_pressure_hydrides_of_formula_La1_xCexNi5_x_0_0_3_with_carbon_monoxide
Zr1.05Fe1.8Cr0.2,AB2,Extracted,1.49,243,https://doi.org/10.1016/j.jallcom.2019.07.170
Zr1.05Fe1.75Cr0.25,AB2,Extracted,1.45,243,https://doi.org/10.1016/j.jallcom.2019.07.170
Zr0.75Ti0.25Cr1.5Ni0.5,AB2,Extracted,1.75,313,https://doi.org/10.1016/S0925-8388(98)00792-0
Zr1Mn2,AB2,Extracted,1.27,298,https://doi.org/10.1016/j.jallcom.2019.05.076
ZrCr1.6Mo0.4,AB2,Extracted,0.99,393,https://doi.org/10.1016/0925-8388(95)01714-3
Zr0.9Ti0.1Cr0.8V0.8Ni0.4,AB2,Extracted,1.25,303,https://doi.org/10.4028/www.scientific.net/MSF.636-637.880
La0.9Ce0.1Ni5,AB5,Extracted,1.4,373,https://www.academia.edu/56368339/Stabilisation_of_high_dissociation_pressure_hydrides_of_formula_La1_xCexNi5_x_0_0_3_with_carbon_monoxide
Ti0.47V0.46Mn1,AB,Extracted,1.58,303,http://dx.doi.org/10.1016/j.jallcom.2013.03.208
Ti0.5V0.5Mn1,AB,Extracted,1.63,303,http://dx.doi.org/10.1016/j.jallcom.2013.03.208
Ti0.5V0.5Mn1,AB,Extracted,2.1,260,https://doi.org/10.1016/j.jallcom.2008.07.121
Ti1.1Cr1Mn1,AB2,Extracted,1.8,296,https://doi.org/10.1016/j.jallcom.2005.08.078
Ti0.97Zr0.03Cr1.6Mn0.4,AB2,Extracted,1.55,293,https://doi.org/10.1016/j.jallcom.2005.11.001
Ti0.7V0.3Mn1,AB,Extracted,1.7,243,dx.doi.org/10.1016/j.jallcom.2007.11.120
V0.5Cr0.5,AB,Extracted,1.8,300,https://doi.org/10.1134/S0020168513020180
Ti0.42V0.58Mn1,AB,Extracted,2.76,353,https://doi.org/10.1016/j.jallcom.2018.03.154
Ti0.4Cr0.1Mn0.18V0.27Fe0.05,AB,Extracted,3.01,333,https://doi.org/10.1016/j.ijhydene.2005.09.008
Ti1Cr1.1V0.9,AB2,Extracted,3.5,303,https://doi.org/10.1016/S0360-3199(03)00006-5
Ti0.4Cr0.1Mn0.18V0.32,AB,Extracted,3.98,293,http://dx.doi.org/10.1016/j.jallcom.2004.09.058
Ce1Ni3Cr2,AB5,Extracted,5.19,293,http://dx.doi.org/10.1016/j.jallcom.2006.05.013
Ti1.1Cr1Mn1,AB2,Extracted,0.5,283,https://patents.google.com/patent/AU2020325061A1/en?oq=AU2020325061A1
Ti1.1Cr1Mn1V0.17Fe0.03,AB2,Extracted,1.4,283,https://patents.google.com/patent/AU2020325061A1/en?oq=AU2020325061A1
Ti1.1Cr1Mn1V0.255Fe0.045,AB2,Extracted,4.9,283,https://patents.google.com/patent/AU2020325061A1/en?oq=AU2020325061A1
Ti1Mn1.5V0.425 Fe0.075,AB2,Extracted,1.2,283,https://patents.google.com/patent/AU2020325061A1/en?oq=AU2020325061A1
Ti0.8Zr0.2Mn1.2Cr0.8,AB2,Extracted,2.14,273,https://patents.google.com/patent/US4160014A/en?oq=US4160014
Ti0.8Zr0.2Mn1.2Cr0.8,AB2,Extracted,2.05,293,https://patents.google.com/patent/US4160014A/en?oq=US4160014
Ti0.8Zr0.2Mn0.5Cr1.5,AB2,Extracted,1.57,297,https://patents.google.com/patent/US4160014A/en?oq=US4160014
Ti0.8Zr0.2Mn1.7V0.3,AB2,Extracted,2.14,293,https://patents.google.com/patent/US4160014A/en?oq=US4160014
Ti0.8Zr0.2Mn1.7V0.3,AB2,Extracted,1.98,333,https://patents.google.com/patent/US4160014A/en?oq=US4160014
Ti0.7Zr0.3Mn1.6Ni0.4,AB2,Extracted,0.73,273,https://patents.google.com/patent/US4160014A/en?oq=US4160014
Ti0.7Zr0.3Mn1.6Ni0.4,AB2,Extracted,0.11,313,https://patents.google.com/patent/US4160014A/en?oq=US4160014
Ti0.6Zr0.4Mn1.7Ni0.3,AB2,Extracted,1.78,293,https://patents.google.com/patent/US4160014A/en?oq=US4160014
Ti0.6Zr0.4Mn1.7Ni0.3,AB2,Extracted,1.72,313,https://patents.google.com/patent/US4160014A/en?oq=US4160014
Ti0.6Zr0.4Mn1.9Fe0.1,AB2,Extracted,1.52,293,https://patents.google.com/patent/US4160014A/en?oq=US4160014
Ti0.6Zr0.4Mn1.9Fe0.1,AB2,Extracted,1.32,333,https://patents.google.com/patent/US4160014A/en?oq=US4160014
Ti0.9Zr0.1Mn1.65Cr0.2V0.15,AB2,Extracted,1.05,273,https://patents.google.com/patent/US4160014A/en?oq=US4160014
Ti0.9Zr0.1Mn1.65Cr0.2V0.15,AB2,Extracted,0.39,293,https://patents.google.com/patent/US4160014A/en?oq=US4160014
Ti0.9Zr0.1Mn1.6Cr0.2V0.2,AB2,Extracted,2.27,273,https://patents.google.com/patent/US4160014A/en?oq=US4160014
Ti0.9Zr0.1Mn1.6Cr0.2V0.2,AB2,Extracted,2.15,293,https://patents.google.com/patent/US4160014A/en?oq=US4160014
Ti0.9Zr0.1Mn1.6Cr0.2V0.2,AB2,Extracted,2.02,313,https://patents.google.com/patent/US4160014A/en?oq=US4160014
Ti0.9Zr0.1Mn1.4Cr0.4V0.2,AB2,Extracted,1.55,333,https://patents.google.com/patent/US4160014A/en?oq=US4160014
Ti0.9Zr0.1Mn1.4Cr0.4V0.2,AB2,Extracted,2.26,273,https://patents.google.com/patent/US4160014A/en?oq=US4160014
Ti0.9Zr0.1Mn1.4Cr0.4V0.2,AB2,Extracted,2.17,294,https://patents.google.com/patent/US4160014A/en?oq=US4160014
Ti0.9Zr0.1Mn1.4Cr0.4V0.2,AB2,Extracted,2.07,313,https://patents.google.com/patent/US4160014A/en?oq=US4160014
Ti0.9Zr0.1Mn1.2Cr0.6V0.2,AB2,Extracted,1.75,333,https://patents.google.com/patent/US4160014A/en?oq=US4160014
Ti0.9Zr0.1Mn1.2Cr0.6V0.2,AB2,Extracted,2.24,273,https://patents.google.com/patent/US4160014A/en?oq=US4160014
Ti0.9Zr0.1Mn1.2Cr0.6V0.2,AB2,Extracted,2.17,294,https://patents.google.com/patent/US4160014A/en?oq=US4160014
Ti0.9Zr0.1Mn1.2Cr0.6V0.2,AB2,Extracted,1.82,313,https://patents.google.com/patent/US4160014A/en?oq=US4160014
Ti0.9Zr0.1Mn1.4Cr0.2V0.4,AB2,Extracted,1.74,333,https://patents.google.com/patent/US4160014A/en?oq=US4160014
Ti0.9Zr0.1Mn1.4Cr0.2V0.4,AB2,Extracted,2.13,292,https://patents.google.com/patent/US4160014A/en?oq=US4160014
Ti0.9Zr0.1Mn1.4Cr0.2V0.4,AB2,Extracted,2.07,313,https://patents.google.com/patent/US4160014A/en?oq=US4160014
Ti0.9Zr0.1Mn1.0Cr0.8V0.2,AB2,Extracted,2.02,297,https://patents.google.com/patent/US4160014A/en?oq=US4160014
Ti0.9Zr0.1Mn1.0Cr0.8V0.2,AB2,Extracted,1.62,333,https://patents.google.com/patent/US4160014A/en?oq=US4160014
Ti0.9Zr0.1Mn0.8Cr1.0V0.2,AB2,Extracted,2.08,293,https://patents.google.com/patent/US4160014A/en?oq=US4160014
Ti0.9Zr0.1Mn0.8Cr1.0V0.2,AB2,Extracted,2,313,https://patents.google.com/patent/US4160014A/en?oq=US4160014
Ti0.85Zr0.15Mn1.6Cr0.2V0.2,AB2,Extracted,2.18,291,https://patents.google.com/patent/US4160014A/en?oq=US4160014
Ti0.85Zr0.15Mn1.6Cr0.2V0.2,AB2,Extracted,2.17,313,https://patents.google.com/patent/US4160014A/en?oq=US4160014
Ti0.8Zr0.2Mn1.8Cr0.1V0.1,AB2,Extracted,0.73,292,https://patents.google.com/patent/US4160014A/en?oq=US4160014
Ti0.8Zr0.2Mn1.8Cr0.1V0.1,AB2,Extracted,0.64,313,https://patents.google.com/patent/US4160014A/en?oq=US4160014
Ti0.8Zr0.2Mn1.7Cr0.2V0.1,AB2,Extracted,2.07,289,https://patents.google.com/patent/US4160014A/en?oq=US4160014
Ti0.8Zr0.2Mn1.7Cr0.2V0.1,AB2,Extracted,2.02,313,https://patents.google.com/patent/US4160014A/en?oq=US4160014
Ti0.8Zr0.2Mn1.7Cr0.1V0.2,AB2,Extracted,2.17,292,https://patents.google.com/patent/US4160014A/en?oq=US4160014
Ti0.8Zr0.2Mn1.7Cr0.1V0.2,AB2,Extracted,2.1,313,https://patents.google.com/patent/US4160014A/en?oq=US4160014
Ti0.8Zr0.2Mn1.6Cr0.2V0.2,AB2,Extracted,2.2,298,https://patents.google.com/patent/US4160014A/en?oq=US4160014
Ti0.8Zr0.2Mn1.6Cr0.2V0.2,AB2,Extracted,2.02,333,https://patents.google.com/patent/US4160014A/en?oq=US4160014
Ti0.8Zr0.2Mn1.5Cr0.3V0.2,AB2,Extracted,2.11,293,https://patents.google.com/patent/US4160014A/en?oq=US4160014
Ti0.8Zr0.2Mn1.5Cr0.3V0.2,AB2,Extracted,2.15,313,https://patents.google.com/patent/US4160014A/en?oq=US4160014
Ti0.8Zr0.2Mn1.4Cr0.4V0.2,AB2,Extracted,2.23,297,https://patents.google.com/patent/US4160014A/en?oq=US4160014
Ti0.8Zr0.2Mn1.4Cr0.4V0.2,AB2,Extracted,2.1,333,https://patents.google.com/patent/US4160014A/en?oq=US4160014
Ti0.8Zr0.2Mn1.2Cr0.6V0.2,AB2,Extracted,2.17,298,https://patents.google.com/patent/US4160014A/en?oq=US4160014
Ti0.8Zr0.2Mn1.2Cr0.6V0.2,AB2,Extracted,2.07,333,https://patents.google.com/patent/US4160014A/en?oq=US4160014
Ti0.8Zr0.2Mn1.0Cr0.8V0.2,AB2,Extracted,2.17,299,https://patents.google.com/patent/US4160014A/en?oq=US4160014
Ti0.8Zr0.2Mn1.0Cr0.8V0.2,AB2,Extracted,2.12,333,https://patents.google.com/patent/US4160014A/en?oq=US4160014
Ti0.8Zr0.2Mn0.8Cr1.0V0.2,AB2,Extracted,2.2,298,https://patents.google.com/patent/US4160014A/en?oq=US4160014
Ti0.8Zr0.2Mn0.8Cr1.0V0.2,AB2,Extracted,1.98,330,https://patents.google.com/patent/US4160014A/en?oq=US4160014
Ti0.8Zr0.2Mn0.6Cr1.2V0.2,AB2,Extracted,2.18,297,https://patents.google.com/patent/US4160014A/en?oq=US4160014
Ti0.8Zr0.2Mn0.6Cr1.2V0.2,AB2,Extracted,2,333,https://patents.google.com/patent/US4160014A/en?oq=US4160014
Ti0.8Zr0.2Mn0.8Cr0.8V0.4,AB2,Extracted,2.36,296,https://patents.google.com/patent/US4160014A/en?oq=US4160014
Ti0.8Zr0.2Mn0.8Cr0.8V0.4,AB2,Extracted,2.27,333,https://patents.google.com/patent/US4160014A/en?oq=US4160014
Ti0.8Zr0.2Mn0.6Cr1.0V0.4,AB2,Extracted,2.4,296,https://patents.google.com/patent/US4160014A/en?oq=US4160014
Ti0.8Zr0.2Mn0.6Cr1.0V0.4,AB2,Extracted,2.26,333,https://patents.google.com/patent/US4160014A/en?oq=US4160014
Ti0.7Zr0.3Mn1.6Cr0.3V0.1,AB2,Extracted,2.11,293,https://patents.google.com/patent/US4160014A/en?oq=US4160014
Ti0.7Zr0.3Mn1.6Cr0.3V0.1,AB2,Extracted,2.13,313,https://patents.google.com/patent/US4160014A/en?oq=US4160014
Ti0.7Zr0.3Mn1.4Cr0.2V0.2,AB2,Extracted,2.22,293,https://patents.google.com/patent/US4160014A/en?oq=US4160014
Ti0.7Zr0.3Mn1.4Cr0.2V0.2,AB2,Extracted,2.1,323,https://patents.google.com/patent/US4160014A/en?oq=US4160014
Ti0.6Zr0.4Mn1.4Cr0.2V0.2,AB2,Extracted,0.28,296,https://patents.google.com/patent/US4160014A/en?oq=US4160014
Ti0.6Zr0.4Mn0.8Cr1.0V0.2,AB2,Extracted,2.25,298,https://patents.google.com/patent/US4160014A/en?oq=US4160014
Ti0.6Zr0.4Mn0.8Cr1.0V0.2,AB2,Extracted,2.15,333,https://patents.google.com/patent/US4160014A/en?oq=US4160014
Ti0.8Zr0.2Mn1.0Cr0.8Fe0.2,AB2,Extracted,1.08,293,https://patents.google.com/patent/US4160014A/en?oq=US4160014
Ti0.8Zr0.2Mn0.8Cr1.0Fe0.2,AB2,Extracted,1.97,273,https://patents.google.com/patent/US4160014A/en?oq=US4160014
Ti0.8Zr0.2Mn0.8Cr1.0Fe0.2,AB2,Extracted,1.9,293,https://patents.google.com/patent/US4160014A/en?oq=US4160014
Ti0.8Zr0.2Mn1.4Cr0.4Cu0.2,AB2,Extracted,1.4,293,https://patents.google.com/patent/US4160014A/en?oq=US4160014
Ti0.8Zr0.2Mn1.4Cr0.4Cu0.2,AB2,Extracted,1.34,313,https://patents.google.com/patent/US4160014A/en?oq=US4160014
Ti0.7Zr0.3Mn1.4Cr0.2Cu0.4,AB2,Extracted,1.95,313,https://patents.google.com/patent/US4160014A/en?oq=US4160014
Ti0.7Zr0.3Mn1.4Cr0.2Cu0.4,AB2,Extracted,1.94,333,https://patents.google.com/patent/US4160014A/en?oq=US4160014
Ti0.6Zr0.4Mn1.4Cr0.4Cu0.2,AB2,Extracted,2.03,293,https://patents.google.com/patent/US4160014A/en?oq=US4160014
Ti0.6Zr0.4Mn1.4Cr0.4Cu0.2,AB2,Extracted,2,313,https://patents.google.com/patent/US4160014A/en?oq=US4160014
Ti0.8Zr0.2Mn1.4Cr0.4Ni0.2,AB2,Extracted,1.95,333,https://patents.google.com/patent/US4160014A/en?oq=US4160014
Ti0.8Zr0.2Mn1.4Cr0.4Ni0.2,AB2,Extracted,0.78,273,https://patents.google.com/patent/US4160014A/en?oq=US4160014
Ti0.8Zr0.2Mn1.4Cr0.4Ni0.2,AB2,Extracted,0.4,293,https://patents.google.com/patent/US4160014A/en?oq=US4160014
Ti0.9Zr0.1Mn1.6Cr0.2Nb0.2,AB2,Extracted,1.77,291,https://patents.google.com/patent/US4160014A/en?oq=US4160014
Ti0.9Zr0.1Mn1.6Cr0.2Nb0.2,AB2,Extracted,1.57,313,https://patents.google.com/patent/US4160014A/en?oq=US4160014
Ti0.85Zr0.15Mn1.65Cr0.2Nb0.15,AB2,Extracted,1.91,291,https://patents.google.com/patent/US4160014A/en?oq=US4160014
Ti0.85Zr0.15Mn1.65Cr0.2Nb0.15,AB2,Extracted,1.68,313,https://patents.google.com/patent/US4160014A/en?oq=US4160014
Ti0.8Zr0.2Mn1.4Cr0.4Nb0.2,AB2,Extracted,1.99,291,https://patents.google.com/patent/US4160014A/en?oq=US4160014
Ti0.8Zr0.2Mn1.4Cr0.4Nb0.2,AB2,Extracted,1.97,313,https://patents.google.com/patent/US4160014A/en?oq=US4160014
Ti0.8Zr0.2Mn1.0Cr0.8Nb0.2,AB2,Extracted,1.99,288,https://patents.google.com/patent/US4160014A/en?oq=US4160014
Ti0.8Zr0.2Mn0.7Cr1.0Mo0.3,AB2,Extracted,1.77,298,https://patents.google.com/patent/US4160014A/en?oq=US4160014
Ti0.8Zr0.2Mn0.7Cr1.0Mo0.3,AB2,Extracted,1.44,333,https://patents.google.com/patent/US4160014A/en?oq=US4160014
Ti0.8Zr0.2Mn1.6Cr0.2Ta0.2,AB2,Extracted,1.41,290,https://patents.google.com/patent/US4160014A/en?oq=US4160014
Ti0.8Zr0.2Mn1.6Cr0.2Ce0.2,AB2,Extracted,2.09,293,https://patents.google.com/patent/US4160014A/en?oq=US4160014
Ti0.8Zr0.2Mn1.6Cr0.2Ce0.2,AB2,Extracted,2.08,313,https://patents.google.com/patent/US4160014A/en?oq=US4160014
Ti0.8Zr0.2Mn1.6Cr0.2La0.2,AB2,Extracted,2.11,293,https://patents.google.com/patent/US4160014A/en?oq=US4160014
Ti0.8Zr0.2Mn1.6Cr0.2La0.2,AB2,Extracted,2.17,313,https://patents.google.com/patent/US4160014A/en?oq=US4160014
Ti0.8Zr0.2Mn1.7V0.2Mo0.01,AB2,Extracted,2.13,287,https://patents.google.com/patent/US4160014A/en?oq=US4160014
Ti0.8Zr0.2Mn1.7V0.2Mo0.01,AB2,Extracted,2.06,313,https://patents.google.com/patent/US4160014A/en?oq=US4160014
Ti0.7Zr0.2Mn1.7V0.1Mo0.03,AB2,Extracted,1.64,293,https://patents.google.com/patent/US4160014A/en?oq=US4160014
Ti1Fe1,AB,Extracted,1.93,293,https://patents.google.com/patent/US4370163A/en?oq=US4370163
Ti0.98Zr0.02Fe1,AB,Extracted,1.95,293,https://patents.google.com/patent/US4370163A/en?oq=US4370163
Ti0.95Zr0.05Fe1,AB,Extracted,1.87,293,https://patents.google.com/patent/US4370163A/en?oq=US4370163
Ti0.98Zr0.02Fe0.92,AB,Extracted,2.07,293,https://patents.google.com/patent/US4370163A/en?oq=US4370163
Ti0.99Hf0.01Fe1,AB,Extracted,1.91,293,https://patents.google.com/patent/US4370163A/en?oq=US4370163
Ti0.98Hf0.02Fe1,AB,Extracted,1.89,293,https://patents.google.com/patent/US4370163A/en?oq=US4370163
Ti0.95Hf0.05Fe1,AB,Extracted,1.85,293,https://patents.google.com/patent/US4370163A/en?oq=US4370163
Ti0.9Hf0.1Fe1,AB,Extracted,1.78,293,https://patents.google.com/patent/US4370163A/en?oq=US4370163
Ti0.95Hf0.05Fe0.9,AB,Extracted,1.99,293,https://patents.google.com/patent/US4370163A/en?oq=US4370163
Ti0.91Hf0.09Fe0.85,AB,Extracted,2.25,293,https://patents.google.com/patent/US4370163A/en?oq=US4370163
Ti0.98Hf0.02Fe0.98Cr0.02,AB,Extracted,1.96,293,https://patents.google.com/patent/US4370163A/en?oq=US4370163
Ti0.98Hf0.02Fe0.98V0.02,AB,Extracted,1.9,293,https://patents.google.com/patent/US4370163A/en?oq=US4370163
Ti0.95Zr0.05Fe0.95V0.005,AB,Extracted,2.1,293,https://patents.google.com/patent/US4370163A/en?oq=US4370163
Ti0.98Zr0.02Fe0.98Cu0.02,AB,Extracted,1.93,293,https://patents.google.com/patent/US4370163A/en?oq=US4370163
Ti0.98Zr0.02Fe0.98Mo0.02,AB,Extracted,1.82,293,https://patents.google.com/patent/US4370163A/en?oq=US4370163
Ti0.98Zr0.02Fe0.98Co0.02,AB,Extracted,1.88,293,https://patents.google.com/patent/US4370163A/en?oq=US4370163
Ti0.98Zr0.02Fe0.98Ni0.02,AB,Extracted,1.86,293,https://patents.google.com/patent/US4370163A/en?oq=US4370163
Ti0.98Zr0.02Fe0.98Nb0.02,AB,Extracted,1.93,293,https://patents.google.com/patent/US4370163A/en?oq=US4370163
Ti0.98Zr0.02Fe0.98Mn0.02,AB,Extracted,1.94,293,https://patents.google.com/patent/US4370163A/en?oq=US4370163
Ti0.95Hf0.05Fe0.95Nb0.05,AB,Extracted,2.04,293,https://patents.google.com/patent/US4370163A/en?oq=US4370163
Ti0.98Hf0.02Fe0.95Cr0.03,AB,Extracted,1.9,293,https://patents.google.com/patent/US4370163A/en?oq=US4370163
Ti0.95Zr0.05Fe0.95V0.03Mn0.02,AB,Extracted,2,293,https://patents.google.com/patent/US4370163A/en?oq=US4370163
Ti0.95Hf0.05Fe0.85Cr0.05,AB,Extracted,1.82,293,https://patents.google.com/patent/US4370163A/en?oq=US4370163
Ti0.98Hf0.02Fe1.15Cr0.02,AB,Extracted,1.64,293,https://patents.google.com/patent/US4370163A/en?oq=US4370163
Ti0.95Zr0.03Hf0.02Fe0.95Nb0.05,AB,Extracted,1.99,293,https://patents.google.com/patent/US4370163A/en?oq=US4370163
Ca1Ni3,MIC,HydPark,2,293,DOE_data_url
Ca1Ti1Mg1Ni9,MIC,HydPark,1.9,293,DOE_data_url
Ce2Co7,MIC,HydPark,1,323,DOE_data_url
Ce2Ni7,MIC,HydPark,0.6,323,DOE_data_url
Ce3Ni1,MIC,HydPark,1.9,303,DOE_data_url
Ce1Co3,MIC,HydPark,1.6,323,DOE_data_url
Ce1Mg12,MIC,HydPark,6,598,DOE_data_url
Ce1Mg9,MIC,HydPark,4,622,DOE_data_url
Ce1Ni3,MIC,HydPark,0.9,323,DOE_data_url
Ce1Pt1Al1,MIC,HydPark,0.3,295,DOE_data_url
Dy2Co7,MIC,HydPark,1.1,323,DOE_data_url
Dy1Co3,MIC,HydPark,1.4,323,DOE_data_url
Dy1Co3,MIC,HydPark,1.3,373,DOE_data_url
Dy1Fe3,MIC,HydPark,1.1,293,DOE_data_url
Er2Co7,MIC,HydPark,1.3,323,DOE_data_url
Er1Co3,MIC,HydPark,1.3,323,DOE_data_url
Er1Co3,MIC,HydPark,1.2,373,DOE_data_url
Er1Fe3,MIC,HydPark,0.8,423,DOE_data_url
Er1Ni3,MIC,HydPark,1.5,233,DOE_data_url
Gd2Co7,MIC,HydPark,0.9,373,DOE_data_url
Gd3Ni6Al2,MIC,HydPark,1,573,DOE_data_url
Gd1Co3,MIC,HydPark,1.3,293,DOE_data_url
Gd1Co3,MIC,HydPark,1.4,423,DOE_data_url
Gd1Fe3,MIC,HydPark,1,423,DOE_data_url
Ho2Co7 ,MIC,HydPark,1.1,323,DOE_data_url
Ho1Co3,MIC,HydPark,1.2,373,DOE_data_url
Ho1Fe3,MIC,HydPark,1,423,DOE_data_url
La0.5Ca0.5Ni3,MIC,HydPark,1.6,293,DOE_data_url
La0.5Ca1.5Mg1Ni9 ,MIC,HydPark,1.9,293,DOE_data_url
La2.4Er3.8Co11Ga3,MIC,HydPark,1,303,DOE_data_url
La2.4Er3.8Co2Ni9Ga3,MIC,HydPark,1,303,DOE_data_url
La2.4Er3.8Co4Ni7Ga3,MIC,HydPark,1,303,DOE_data_url
La2Ni7,MIC,HydPark,1.4,323,DOE_data_url
La3Ni1,MIC,HydPark,1.9,303,DOE_data_url
La5Mg2Ni23,MIC,HydPark,1.5,333,DOE_data_url
La1Ca1Mg1Ni6Al0.3,MIC,HydPark,1.9,293,DOE_data_url
La1Ca1Mg1Ni6Mn3,MIC,HydPark,1.8,293,DOE_data_url
La1Ca1Mg1Ni9,MIC,HydPark,1.8,293,DOE_data_url
La1Mg2Cu2,MIC,HydPark,2.4,443,DOE_data_url
La1Mg2Ni9,MIC,HydPark,0.33,303,DOE_data_url
Lu1Co3,MIC,HydPark,1,293,DOE_data_url
Mg2Al3,MIC,HydPark,2.3,599,DOE_data_url
Mg2Al1Li0.28,MIC,HydPark,3.8,625,DOE_data_url
Mg4Al5,MIC,HydPark,2.2,574,DOE_data_url
Mg51Zn20,MIC,HydPark,3.6,603,DOE_data_url
Mg6Pd1,MIC,HydPark,0.9,433,DOE_data_url
Mg1Al1,MIC,HydPark,3,625,DOE_data_url
Nd2Co7,MIC,HydPark,1.2,398,DOE_data_url
Nd3Ni1,MIC,HydPark,1.9,303,DOE_data_url
Nd1Co3 ,MIC,HydPark,1.3,293,DOE_data_url
Nd1Co3,MIC,HydPark,1.3,353,DOE_data_url
Pr2.5Mg0.5Ni1,MIC,HydPark,2.4,303,DOE_data_url
Pr2Co7,MIC,HydPark,0.7,373,DOE_data_url
Pr2Co7 ,MIC,HydPark,1.1,423,DOE_data_url
Pr2Dy1Ni1,MIC,HydPark,1.9,303,DOE_data_url
Pr2Ni7,MIC,HydPark,1.4,298,DOE_data_url
Pr3Ni0.5Cu0.5,MIC,HydPark,1.8,303,DOE_data_url
Pr1Co3,MIC,HydPark,1.3,373,DOE_data_url
Sm1Co3,MIC,HydPark,0.6,342,DOE_data_url
Sm1Co3,MIC,HydPark,1.6,448,DOE_data_url
Sm1Fe3,MIC,HydPark,1,623,DOE_data_url
Tb2Co7 ,MIC,HydPark,1.1,323,DOE_data_url
Tb1Co3 ,MIC,HydPark,1.4,348,DOE_data_url
Tb1Fe3,MIC,HydPark,1.1,423,DOE_data_url
Th2Co1,MIC,HydPark,0.5,313,DOE_data_url
Th2Fe7,MIC,HydPark,0.7,313,DOE_data_url
Th6Mn23,MIC,HydPark,1.1,297,DOE_data_url
Th7Co3,MIC,HydPark,1.7,313,DOE_data_url
Th7Fe3,MIC,HydPark,1.7,313,DOE_data_url
Th7Ni3,MIC,HydPark,1.5,313,DOE_data_url
Th1Fe3,MIC,HydPark,0.7,313,DOE_data_url
Th1Ni1Al1,MIC,HydPark,0.9,313,DOE_data_url
Ti3Al1,MIC,HydPark,2.9,323,DOE_data_url
Y2Ni7,MIC,HydPark,0.3,323,DOE_data_url
Y4.3Sc0.7Si2.6Ge0.4,MIC,HydPark,0.5,699,DOE_data_url
Y5Si3,MIC,HydPark,0.4,671,DOE_data_url
Y1Co2.4Fe0.6,MIC,HydPark,1.5,393,DOE_data_url
Y1Co2.4Ni0.6,MIC,HydPark,1.4,393,DOE_data_url
Y1Co2.9Ni0.1,MIC,HydPark,0.6,301,DOE_data_url
Y1Co3,MIC,HydPark,0.4,323,DOE_data_url
Y1Co3,MIC,HydPark,1.5,348,DOE_data_url
Y1Co3,MIC,HydPark,0.6,316,DOE_data_url
Y1Fe1.5Ni1.5,MIC,HydPark,1.3,393,DOE_data_url
Y1Ni3,MIC,HydPark,0.45,323,DOE_data_url
Zr0.1Tb0.9Fe1.5Co1.5,MIC,HydPark,1.1,348,DOE_data_url
Zr0.2Tb0.8Fe1.5Co1.5,MIC,HydPark,0.8,348,DOE_data_url
Zr2Ni5,MIC,HydPark,0.5,333,DOE_data_url
Zr36Ni64,MIC,HydPark,1.1,333,DOE_data_url
Zr7Ni10,MIC,HydPark,1.4,333,DOE_data_url
Zr7Ni10,MIC,HydPark,1.4,353,DOE_data_url
V0.846Ti0.105Fe0.05,MIC,HydPark,3.3,313,DOE_data_url
V0.819Ti0.091Al0.05Fe0.04,MIC,HydPark,2.6,298,DOE_data_url
V0.855Ti0.095Fe0.05,MIC,HydPark,3.7,353,DOE_data_url
Nb0.736Fe0.184Cr0.08,MIC,HydPark,1,318,DOE_data_url
Nb0.865Fe0.065Cr0.07,MIC,HydPark,1,318,DOE_data_url
Nb0.8V0.2,MIC,HydPark,2.2,313,DOE_data_url
Nb0.95Cr0.05,MIC,HydPark,0.9,350,DOE_data_url
Nb0.97Cr0.03,MIC,HydPark,0.9,350,DOE_data_url
Ni0.943Fe0.057,MIC,HydPark,1.4,298,DOE_data_url
Ni0.979Fe0.021,MIC,HydPark,1.6,298,DOE_data_url
Pd0.7Ag0.3,MIC,HydPark,0.3,323,DOE_data_url
Pd0.7Rh0.3,MIC,HydPark,0.9,298,DOE_data_url
Zr1Fe2.5,MIC,Extracted,1.63,300,http://dx.doi.org/10.1016/j.ijhydene.2010.06.118
Zr21.5V10Cr7.5Mn8.1Co7.0Y1.0Ni32.2Sn0.3Al0.4,MIC,Extracted,1.55,303,http://dx.doi.org/10.1016/j.jallcom.2013.01.125
Zr21.5V10Cr7.5Mn8.1Co6.0Y2.0Ni32.2Sn0.3Al 0.4,MIC,Extracted,1.65,303,http://dx.doi.org/10.1016/j.jallcom.2013.01.125
Ti0.45Zr0.38Ni0.17,MIC,Extracted,2.23,573,https://doi.org/10.1016/j.ijhydene.2005.04.025
V0.75Mo0.25,MIC,Extracted,2.4,293,https://doi.org/10.1134/S2075113314010134
V0.6Cr0.4,MIC,Extracted,1.8,300,https://doi.org/10.1134/S0020168513020180
V0.7Cr0.3,MIC,Extracted,1.9,300,https://doi.org/10.1134/S0020168513020180
V0.375Ti0.25Cr0.30Mn0.075,MIC,Extracted,2.2,303,http://dx.doi.org/10.1016/S0925-8388(02)00831-9
Ti1.1Cr1Mn1V0.34Fe0.06,MIC,Extracted,4.6,283,https://patents.google.com/patent/AU2020325061A1/en?oq=AU2020325061A1
Ti1.1Cr1Mn1V0.425Fe0.075,MIC,Extracted,4,283,https://patents.google.com/patent/AU2020325061A1/en?oq=AU2020325061A1
Ti1.1Zr0.2CrMn1V0.34Fe0.06,MIC,Extracted,4,283,https://patents.google.com/patent/AU2020325061A1/en?oq=AU2020325061A1
Ti1.1Zr0.3CrMn1V0.34Fe0.06,MIC,Extracted,2.2,283,https://patents.google.com/patent/AU2020325061A1/en?oq=AU2020325061A1
Ti1.1Zr0.4CrMn1V0.34Fe0.06,MIC,Extracted,1.9,283,https://patents.google.com/patent/AU2020325061A1/en?oq=AU2020325061A1
Ti1Mn1.5,MIC,Extracted,1,283,https://patents.google.com/patent/AU2020325061A1/en?oq=AU2020325061A1
Ti1Mn1.5V0.17Fe0.30,MIC,Extracted,1.2,283,https://patents.google.com/patent/AU2020325061A1/en?oq=AU2020325061A1
Ti1Mn1.5V0.255Fe0.045,MIC,Extracted,3.7,283,https://patents.google.com/patent/AU2020325061A1/en?oq=AU2020325061A1
Ti1Mn1.5V0.34Fe0.06,MIC,Extracted,2.3,283,https://patents.google.com/patent/AU2020325061A1/en?oq=AU2020325061A1
Ti0.409Mn0.546V0.045,MIC,Extracted,2.17,298,https://patents.google.com/patent/US4195989A/en?oq=US4195989
Ti0.396Mn0.583V0.021,MIC,Extracted,2.11,298,https://patents.google.com/patent/US4195989A/en?oq=US4195989
Ti0.391Mn0.566Cr0.043,MIC,Extracted,2,298,https://patents.google.com/patent/US4195989A/en?oq=US4195989
Ti0.409Mn0.546Cr0.045,MIC,Extracted,2.23,298,https://patents.google.com/patent/US4195989A/en?oq=US4195989
Ti0.391Mn0.566Fe0.043,MIC,Extracted,2.01,298,https://patents.google.com/patent/US4195989A/en?oq=US4195989
Ti0.409Mn0.546Fe0.045,MIC,Extracted,2.04,298,https://patents.google.com/patent/US4195989A/en?oq=US4195989
Ti0.391Mn0.566Co0.043,MIC,Extracted,1.9,298,https://patents.google.com/patent/US4195989A/en?oq=US4195989
Ti0.409Mn0.546Ni0.045,MIC,Extracted,2.08,298,https://patents.google.com/patent/US4195989A/en?oq=US4195989
Ti0.391Mn0.566Cu0.043,MIC,Extracted,1.91,298,https://patents.google.com/patent/US4195989A/en?oq=US4195989
Ti0.391Mn0.566Mo0.043,MIC,Extracted,1.9,298,https://patents.google.com/patent/US4195989A/en?oq=US4195989
Ti0.409Mn0.546Cr0.023 Fe0.022,MIC,Extracted,2.09,298,https://patents.google.com/patent/US4195989A/en?oq=US4195989
Ti0.409Mn0.546Ni0.023 Cu0.022,MIC,Extracted,2.07,298,https://patents.google.com/patent/US4195989A/en?oq=US4195989
Ti0.409Mn0.546Ni0.022Co0.023,MIC,Extracted,2.06,298,https://patents.google.com/patent/US4195989A/en?oq=US4195989
Pd0.825Ni0.1Rh0.075,SS,HydPark,0.7,303,DOE_data_url
Pd0.85Ni0.15,SS,HydPark,0.5,323,DOE_data_url
Pd0.85Rh0.15,SS,HydPark,0.7,323,DOE_data_url
Pd0.8Ag0.2,SS,HydPark,0.4,323,DOE_data_url
Pd0.8Rh0.2,SS,HydPark,0.8,303,DOE_data_url
Pd0.901Ag0.099,SS,HydPark,0.6,298,DOE_data_url
Pd0.90Pt0.10,SS,HydPark,0.3,353,DOE_data_url
Pd0.90Rh0.05Ni0.05,SS,HydPark,0.6,323,DOE_data_url
Pd0.90Rh0.10,SS,HydPark,0.8,323,DOE_data_url
Pd0.91Ni0.09,SS,HydPark,0.5,323,DOE_data_url
Pd0.925Rh0.075,SS,HydPark,0.7,303,DOE_data_url
Pd0.927Ir0.073,SS,HydPark,0.1,298,DOE_data_url
Pd0.92Pt0.08,SS,HydPark,0.4,353,DOE_data_url
Pd0.92Y0.08,SS,HydPark,0.5,573,DOE_data_url
Pd0.942Ir0.058,SS,HydPark,0.4,298,DOE_data_url
Pd0.946Pb0.054,SS,HydPark,0.4,298,DOE_data_url
Pd0.947Ce0.053,SS,HydPark,0.3,298,DOE_data_url
Pd0.952Ti0.048,SS,HydPark,0.4,373,DOE_data_url
Pd0.95Ag0.05,SS,HydPark,0.7,298,DOE_data_url
Pd0.95Co0.05,SS,HydPark,0.6,354,DOE_data_url
Pd0.95Cr0.05,SS,HydPark,0.6,303,DOE_data_url
Pd0.95Ni0.025Rh0.025,SS,HydPark,0.7,323,DOE_data_url
Pd0.95Pt0.05,SS,HydPark,0.6,298,DOE_data_url
Pd0.95Rh0.05,SS,HydPark,0.7,298,DOE_data_url
Pd0.95Rh0.05,SS,HydPark,0.75,323,DOE_data_url
Pd0.95Sc0.05,SS,HydPark,0.5,323,DOE_data_url
Pd0.95U0.05,SS,HydPark,0.3,381,DOE_data_url
Pd0.96Pt0.04,SS,HydPark,0.5,353,DOE_data_url
Pd0.972Ir0.028,SS,HydPark,0.5,298,DOE_data_url
Pd0.975Mo0.025,SS,HydPark,0.5,303,DOE_data_url
Pd0.975Rh0.025,SS,HydPark,0.7,303,DOE_data_url
Pd0.98V0.02,SS,HydPark,0.5,298,DOE_data_url
Pd0.9Ag0.1,SS,HydPark,0.5,323,DOE_data_url
Pd0.9Co0.1,SS,HydPark,0.5,353,DOE_data_url
Pd0.9Cu0.1,SS,HydPark,0.5,303,DOE_data_url
Pd0.9Ni0.05Rh0.05,SS,HydPark,0.6,303,DOE_data_url
Pd0.9Ni0.1,SS,HydPark,0.5,323,DOE_data_url
Pd0.9Pt0.1,SS,HydPark,0.4,298,DOE_data_url
Pd0.9Rh0.1,SS,HydPark,0.7,298,DOE_data_url
Ti0.16Zr0.05Cr0.22V0.57,SS,HydPark,3.5,303,DOE_data_url
Ti0.21Cr0.29V0.50,SS,HydPark,3.1,303,DOE_data_url
Ti0.23Mn0.36V0.41,SS,HydPark,2.8,313,DOE_data_url
Ti0.25V0.35Cr0.40,SS,HydPark,2.6,313,DOE_data_url
Ti0.278Cr0.422V0.25Fe0.05,SS,HydPark,2.5,293,DOE_data_url
Ti0.32Cr0.29V0.39,SS,HydPark,2.9,303,DOE_data_url
Ti0.33V0.37Mn0.30,SS,HydPark,2.3,353,DOE_data_url
Ti0.33V0.37Mn0.30,SS,HydPark,3,373,DOE_data_url
Ti0.346V0.10Cr0.554,SS,HydPark,2.5,313,DOE_data_url
Ti0.375V0.075Cr0.55,SS,HydPark,2.8,313,DOE_data_url
Ti0.3Cr0.5V0.2,SS,HydPark,2.7,293,DOE_data_url
Ti0.435V0.49Fe0.075,SS,HydPark,3.8,313,DOE_data_url
V0.37Ti0.33Mn0.3,SS,HydPark,2.6,298,DOE_data_url
V0.49Ti0.30Ni0.21,SS,HydPark,1.8,333,DOE_data_url
V0.49Ti0.43Fe0.075,SS,HydPark,3.9,423,DOE_data_url
V0.55Ti0.30Ni0.15,SS,HydPark,2.5,333,DOE_data_url
V0.61Ti0.30Ni0.09,SS,HydPark,2.1,333,DOE_data_url
V0.667Zr0.111Ti0.111Fe0.111,SS,HydPark,1.65,313,DOE_data_url
V0.667Zr0.111Ti0.111Mn0.111,SS,HydPark,1.7,313,DOE_data_url
V0.667Zr0.111Ti0.111Ni0.111,SS,HydPark,1.79,313,DOE_data_url
V0.67Ti0.30Ni0.03,SS,HydPark,2.6,333,DOE_data_url
V0.690Ti0.173Ni0.112Co0.009Nb0.008Ta0.008,SS,HydPark,3,293,DOE_data_url
V0.855Cr0.145,SS,HydPark,2.3,323,DOE_data_url
V0.85Ti0.15,SS,HydPark,3.9,303,DOE_data_url
V0.87Ti0.13,SS,HydPark,3.6,303,DOE_data_url
V0.8Nb0.2,SS,HydPark,3.1,318,DOE_data_url
V0.8Ti0.2,SS,HydPark,3,353,DOE_data_url
V0.8Ti0.2,SS,HydPark,3.4,383,DOE_data_url
V0.983Ta0.013,SS,HydPark,3.28,313,DOE_data_url
V0.991Ni0.009,SS,HydPark,3.62,313,DOE_data_url
V0.992Ti0.008,SS,HydPark,3.86,313,DOE_data_url
V0.99Ag0.01,SS,HydPark,3.7,313,DOE_data_url
V0.99Al0.01,SS,HydPark,3.5,313,DOE_data_url
V0.99Au0.01,SS,HydPark,3.6,313,DOE_data_url
V0.99B0.01,SS,HydPark,3.72,313,DOE_data_url
V0.99Co0.01,SS,HydPark,3.4,313,DOE_data_url
V0.99Cr0.01,SS,HydPark,3.5,313,DOE_data_url
V0.99Cu0.01,SS,HydPark,3.5,313,DOE_data_url
V0.99Fe0.01,SS,HydPark,3.5,313,DOE_data_url
V0.99Ga0.01,SS,HydPark,3.4,313,DOE_data_url
V0.99Hf0.01,SS,HydPark,3.6,313,DOE_data_url
V0.99In0.01,SS,HydPark,3.6,313,DOE_data_url
V0.99Ir0.01,SS,HydPark,3.4,313,DOE_data_url
V0.99Mo0.01,SS,HydPark,3.4,313,DOE_data_url
V0.99Nb0.01,SS,HydPark,3.5,313,DOE_data_url
V0.99Ni0.01,SS,HydPark,3.6,313,DOE_data_url
V0.99Os0.01,SS,HydPark,3.4,313,DOE_data_url
V0.99Pd0.01,SS,HydPark,3.5,313,DOE_data_url
V0.99Pt0.01,SS,HydPark,2.1,313,DOE_data_url
V0.99Re0.01,SS,HydPark,3.4,313,DOE_data_url
V0.99Rh0.01,SS,HydPark,3.4,313,DOE_data_url
V0.99Ru0.01,SS,HydPark,3.4,313,DOE_data_url
V0.99Si0.01,SS,HydPark,3.3,313,DOE_data_url
V0.99Sn0.01,SS,HydPark,3.4,313,DOE_data_url
V0.99Ta0.01,SS,HydPark,3.5,313,DOE_data_url
V0.99Ti0.01,SS,HydPark,3.4,313,DOE_data_url
V0.99W0.01,SS,HydPark,3.5,313,DOE_data_url
V0.99Zr0.01,SS,HydPark,3.8,313,DOE_data_url
V0.9Ti0.1,SS,HydPark,3.3,303,DOE_data_url
V0.8Mo0.2,SS,Extracted,2.7,293,https://doi.org/10.1134/S2075113314010134
V0.8Cr0.2,SS,Extracted,1.9,300,https://doi.org/10.1134/S0020168513020180
V0.9Cr0.1,SS,Extracted,3.6,298,http://dx.doi.org/10.1134/S0020168513020180
V0.778Zr0.074Ti0.074Ni0.074,SS,Extracted,2,313,https://doi.org/10.1016/S0925-8388(99)00325-4
V0.95Mo0.05,SS,Extracted,3.4,293,http://dx.doi.org/10.1134/S2075113314010134
Mg1.0Ni1.0V1.0,LEA,Extracted,2.3,298,https://doi.org/10.1016/S0925-8388(03)00229-9
Zr1Fe2.00V0.05,LEA,Extracted,1.74,323,https://doi.org/10.1016/j.jallcom.2014.12.045
Zr1Fe1.95V0.10,LEA,Extracted,1.58,323,https://doi.org/10.1016/j.jallcom.2014.12.045
Zr1Fe1.9Al0.1,LEA,Extracted,1.8,323,https://doi.org/10.1016/j.ijhydene.2021.12.110
Zr1Fe1.90V0.15,LEA,Extracted,1.64,323,https://doi.org/10.1016/j.jallcom.2014.12.045
Zr0.75Y0.25Fe2,LEA,Extracted,1.65,298,https://doi.org/10.1016/j.ijhydene.2021.03.012
Zr0.7Y0.3Fe2,LEA,Extracted,1.71,298,https://doi.org/10.1016/j.ijhydene.2021.03.012
Zr1Fe1.85V0.20,LEA,Extracted,1.71,323,https://doi.org/10.1016/j.jallcom.2014.12.045
Zr1.05Fe1.85Cr0.05V0.1,LEA,Extracted,1.52,303,https://doi.org/10.1016/j.jallcom.2019.07.170
Zr1.05Fe1.85Cr0.1V0.05,LEA,Extracted,1.54,303,https://doi.org/10.1016/j.jallcom.2019.07.170
Zr1Fe1.8V0.2,LEA,Extracted,1.3,298,https://doi.org/10.1016/j.jallcom.2019.07.170
Zr1.05Fe1.85Cr0.075V0.075,LEA,Extracted,1.54,303,https://doi.org/10.1016/j.jallcom.2019.07.170
Zr1Fe1.8Ga0.2,LEA,Extracted,1.53,323,https://doi.org/10.1016/j.ijhydene.2021.12.110
Zr0.6Y0.4Fe2,LEA,Extracted,1.78,298,https://doi.org/10.1016/j.ijhydene.2021.03.012
Ti1Cr1.75Mn0.25,LEA,Extracted,1.73,303,https://doi.org/10.1016/j.renene.2022.07.113
Zr1.05Fe1.75Cr0.25,LEA,Extracted,1.45,303,https://doi.org/10.1016/j.jallcom.2019.07.170
Zr1.05Fe1.7Cr0.3,LEA,Extracted,1.41,303,https://doi.org/10.1016/j.jallcom.2019.07.170
Zr1Fe1.6 V0.4,LEA,Extracted,1.6,298,https://doi.org/10.1016/j.jallcom.2019.07.170
Ti0.9Zr0.1Cr1.1Fe0.9,MEA,Extracted,1.55,223,https://doi.org/10.1016/j.jallcom.2021.161629
Ti0.99Zr0.11Cr1Mn1,MEA,Extracted,2.19,268,https://doi.org/10.1016/j.ijhydene.2008.04.042
Ti0.925Zr0.125Cr0.9Fe1.1,MEA,Extracted,1.64,223,https://doi.org/10.1016/j.jallcom.2021.161629
Ti0.95Zr0.15Cr1Fe1,MEA,Extracted,1.6,223,https://doi.org/10.1016/j.jallcom.2021.161629
Ti0.85Zr0.15Cr1Fe1,MEA,Extracted,1.78,223,https://doi.org/10.1016/j.jallcom.2021.161629
Ti0.875Zr0.175Cr1.1Fe0.9,MEA,Extracted,1.75,223,https://doi.org/10.1016/j.jallcom.2021.161629
Ti0.8Zr0.2Cr0.9Fe1.1,MEA,Extracted,1.66,223,https://doi.org/10.1016/j.jallcom.2021.161629
Ti0.9Zr0.2Cr0.9Fe1.1,MEA,Extracted,1.67,223,https://doi.org/10.1016/j.jallcom.2021.161629
Ti0.8Zr0.2Mn1Cr1,MEA,Extracted,1.66,298,https://doi.org/10.1016/j.jallcom.2007.01.066
Ti1.125Zr0.125Cr0.9Mn1.1Mo0.1,MEA,Extracted,1.48,296,https://doi.org/10.3390/en13112751
Ti1Cr1Mn0.85Fe0.1V0.05,MEA,Extracted,1.82,293,https://doi.org/10.1016/S0925-8388(98)00213-8
Ti0.95Zr0.05Mn1.3Cr0.5V0.2,MEA,Extracted,1.85,293,https://doi.org/10.1016/j.jallcom.2021.160035
Ti0.825Zr0.225Cr1Fe1,MEA,Extracted,1.55,223,https://doi.org/10.1016/j.jallcom.2021.161629
Ti0.85Zr0.25Cr1.1Fe0.9,MEA,Extracted,1.6,223,https://doi.org/10.1016/j.jallcom.2021.161629
Zr0.63Ti0.42Fe1.3Mn0.7,MEA,Extracted,1.48,248,https://doi.org/10.1016/j.ijhydene.2019.11.242
Ti0.95Zr0.07Mn1.15Cr0.7V0.15,MEA,Extracted,1.82,283,https://doi.org/10.1016/j.ijhydene.2021.10.106
Ti0.93Zr0.07Mn1.15Cr0.7V0.15,MEA,Extracted,1.75,283,https://doi.org/10.1016/j.ijhydene.2021.10.106
Ti0.68Zr0.32Mn1Cr1,MEA,Extracted,2.07,298,https://doi.org/10.1016/j.jallcom.2007.01.066
Ti0.95Zr0.05Mn0.92Cr0.92V0.16,MEA,Extracted,1.73,283,https://doi.org/10.1016/j.ijhydene.2021.10.106
Zr0.63Ti0.42Fe1.2Mn0.8,MEA,Extracted,1.56,248,https://doi.org/10.1016/j.ijhydene.2019.11.242
Ti0.95Zr0.05Mn1.1Cr0.7V0.2,MEA,Extracted,1.81,293,https://doi.org/10.1016/j.jallcom.2021.160035
Ti0.95Zr0.05Mn0.91Cr0.91V0.18,MEA,Extracted,1.73,283,https://doi.org/10.1016/j.ijhydene.2021.10.106
Zr0.63Ti0.42Fe1.1Mn0.9,MEA,Extracted,1.57,248,https://doi.org/10.1016/j.ijhydene.2019.11.242
Ti1.02Cr1.1Mn0.3Fe0.6La0.03,MEA,Extracted,1.72,303,https://doi.org/10.1016/j.jallcom.2017.10.075
Ti1.02Cr1.1Mn0.3Fe0.6Ho0.03,MEA,Extracted,1.67,243,https://doi.org/10.1016/j.jallcom.2017.10.075
Ti1.02Cr1.1Mn0.3Fe0.6Ce0.03,MEA,Extracted,1.62,243,https://doi.org/10.1016/j.jallcom.2017.10.075
Ti0.5Zr0.5Mn1Cr1,MEA,Extracted,1.82,298,https://doi.org/10.1016/j.jallcom.2018.10.179
Ti0.94Zr0.06Mn1.1Cr0.7V0.2,MEA,Extracted,1.83,293,https://doi.org/10.1016/j.jallcom.2021.160035
Ti0.93Zr0.07Mn1.1Cr0.72V0.18,MEA,Extracted,1.82,283,https://doi.org/10.1016/j.ijhydene.2021.10.106
Ti0.5Zr0.5Mn1Cr1,MEA,Extracted,2.18,298,https://doi.org/10.1016/j.jallcom.2007.01.066
Zr0.525Ti0.525Fe1.1Mn0.9,MEA,Extracted,1.48,248,https://doi.org/10.1016/j.ijhydene.2019.11.242
Ti0.95Zr0.05Mn0.9Cr0.9V0.2,MEA,Extracted,1.78,293,https://doi.org/10.1016/j.ijhydene.2021.10.106
Ti0.95Zr0.05Mn0.9Cr0.9V0.2,MEA,Extracted,1.75,283,https://doi.org/10.1016/j.jallcom.2021.160035
Zr0.525Ti0.525Fe1Mn1,MEA,Extracted,1.58,243,https://doi.org/10.1016/j.ijhydene.2019.11.242
Zr0.525Ti0.525Fe1Mn1,MEA,Extracted,1.58,248,https://doi.org/10.1016/j.ijhydene.2019.11.242
Ti0.93Zr0.07Mn1.1Cr0.7V0.2,MEA,Extracted,1.82,293,https://doi.org/10.1016/j.jallcom.2021.160035
Ti0.93Zr0.07Mn1.1Cr0.7V0.2,MEA,Extracted,1.82,283,https://doi.org/10.1016/j.ijhydene.2021.10.106
Ti0.9Zr0.1Mn1.1Cr0.7V0.2,MEA,Extracted,1.88,293,https://doi.org/10.1016/j.jallcom.2021.160035
TiCrMn0.7Fe0.2V0.1,MEA,Extracted,1.82,293,https://doi.org/10.1016/S0925-8388(98)00213-8
Zr0.525Ti0.525Fe0.95MnV0.05,MEA,Extracted,1.65,243,https://doi.org/10.1016/j.ijhydene.2019.11.242
Zr0.525Ti0.525Fe0.95MnV0.05,MEA,Extracted,1.65,248,https://doi.org/10.1016/j.ijhydene.2019.11.242
Ti0.8925Zr0.1575Mn1.2Cr0.6V0.1Ni0.1,MEA,Extracted,1.79,298,https://doi.org/10.1016/j.pnsc.2017.09.007
Ti0.8925Zr0.1575Mn1.2Cr0.6V0.1Fe0.1,MEA,Extracted,1.79,298,https://doi.org/10.1016/j.pnsc.2017.09.007
Ti0.8925Zr0.1575Mn1.2Cr0.6V0.1Cu0.1,MEA,Extracted,1.8,273,https://doi.org/10.1016/j.pnsc.2017.09.007
Ti1Cr1Mn0.55Fe0.3V0.15,MEA,Extracted,1.83,293,https://doi.org/10.1016/S0925-8388(98)00213-8
Ti0.20Zr0.20Nb0.05Fe0.40Ni0.15,MEA,Extracted,1.38,298,https://doi.org/10.1016/j.ijhydene.2020.09.047
Ti1Cr1Mn0.4Fe0.4V0.2,MEA,Extracted,1.83,293,https://doi.org/10.1016/S0925-8388(98)00213-8
Ti0.15Zr0.85La0.03Ni1.2 Mn0.7V0.12Fe0.12,MEA,Extracted,1.54,298,https://doi.org/10.1016/j.jallcom.2019.03.134
Ti0.15Zr0.85La0.03Ni1.155Mn0.674V0.116Fe0.116,MEA,Extracted,1.49,293,https://doi.org/10.1016/j.jallcom.2020.154354
Ti0.15Zr0.85La0.03Ni1.126Mn0.657V0.113Fe0.113,MEA,Extracted,1.63,293,https://doi.org/10.1016/j.jallcom.2020.154354
Ti0.15Zr0.85La0.03Ni1.097Mn0.64V0.11Fe0.11,MEA,Extracted,1.57,293,https://doi.org/10.1016/j.jallcom.2020.154354
Ti0.5Zr0.5Mn0.8Fe0.2Cr1,MEA,Extracted,1.58,298,https://doi.org/10.1016/j.jallcom.2018.10.179
Ti0.5Zr0.5Mn0.6Fe0.4Cr1,HEA,Extracted,1.7,298,https://doi.org/10.1016/j.jallcom.2018.10.179
Zr0.225Ti0.225V0.225Fe0.225Al0.10,HEA,Extracted,1.3,423,https://doi.org/10.1016/j.ijhydene.2021.12.172
Zr0.2Ti0.2Ni0.1Cr0.2Mn0.2,HEA,Extracted,1.49,323,https://doi.org/10.1016/j.jallcom.2021.163118
Zr0.2Ti0.2Ni0.125Cr0.2Mn0.2,HEA,Extracted,1.54,323,https://doi.org/10.1016/j.jallcom.2021.163118
Zr0.2Ti0.2Ni0.15Cr0.2Mn0.2,HEA,Extracted,1.59,323,https://doi.org/10.1016/j.jallcom.2021.163118
Zr0.2Ti0.2Ni0.175Cr0.2Mn0.2,HEA,Extracted,1.66,323,https://doi.org/10.1016/j.jallcom.2021.163118
Fe0.2Mn0.2Ti0.2V0.2Zr0.2,HEA,Extracted,2.05,278,https://doi.org/10.1016/j.matchemphys.2017.08.008
Cr0.2Mn0.2Ti0.2V0.2Zr0.2,HEA,Extracted,2.22,278,https://doi.org/10.1016/j.matchemphys.2017.08.008
Cr0.2Fe0.2Ti0.2V0.2Zr0.2,HEA,Extracted,1.97,278,https://doi.org/10.1016/j.matchemphys.2017.08.008
Cr0.2Fe0.2Mn0.2V0.2Zr0.2,HEA,Extracted,1.11,278,https://doi.org/10.1016/j.matchemphys.2017.08.008
Cr0.2Fe0.2Mn0.2Ti0.2Zr0.2,HEA,Extracted,1.71,278,https://doi.org/10.1016/j.matchemphys.2017.08.008
Ti0.2Zr0.2Nb0.2Fe0.2Ni0.2,HEA,Extracted,1.65,298,https://doi.org/10.1016/j.ijhydene.2020.09.047
Ti0.2Zr0.2Nb0.2Cr0.2Fe0.2,HEA,Extracted,1.88,303,https://doi.org/10.1016/j.ijhydene.2021.04.181
Zr0.2Ti0.2V0.2Fe0.2Al0.2,HEA,Extracted,1.04,423,https://doi.org/10.1016/j.ijhydene.2021.12.172
Zr0.2Ti0.2Ni0.2Cr0.2Mn0.2,HEA,Extracted,1.66,323,https://doi.org/10.1016/j.jallcom.2021.163118
Ti16.67Zr16.67Fe16.67Mn16.67Cr16.67V16.67,HEA,Extracted,1.85,303,https://doi.org/10.1016/j.scriptamat.2022.114548
Ti0.2Zr0.2V0.2Cr0.2Ni0.2,HEA,Extracted,1.52,305,https://doi.org/10.1016/j.ijhydene.2022.05.107
Co1Fe1Mn1Ti1V1Zr3,HEA,Extracted,1.6,298,https://doi.org/10.1016/j.ijhydene.2010.06.012
Co1Fe1Mn1Ti1V3Zr1,HEA,Extracted,1.63,298,https://doi.org/10.1016/j.ijhydene.2010.06.012
Co1Fe1Mn1Ti1V1Zr2.6,HEA,Extracted,1.76,298,https://doi.org/10.1016/j.ijhydene.2010.06.012
Co1Fe1Mn1Ti2.5V1Zr1,HEA,Extracted,1.21,298,https://doi.org/10.1016/j.ijhydene.2010.06.012
Co1Fe1Mn1Ti1V1Zr2.3,HEA,Extracted,1.83,298,https://doi.org/10.1016/j.ijhydene.2010.06.012
Co1Fe1Mn1Ti1V2.3Zr1,HEA,Extracted,1.58,298,https://doi.org/10.1016/j.ijhydene.2010.06.012
Ti0.4Zr1.6Cr1Mn1Fe1Ni1,HEA,Extracted,1.66,298,https://doi.org/10.1016/j.actamat.2022.118117
Co1Fe1Mn1Ti2V1Zr1,HEA,Extracted,1.85,298,https://doi.org/10.1016/j.ijhydene.2010.06.012
Cr1Fe1Mn1Ti1V2.0Zr1,HEA,Extracted,1.9,278,https://doi.org/10.1016/j.matchemphys.2017.08.008
Cr1Fe1Mn1Ti1V1Zr2.0,HEA,Extracted,2.18,278,https://doi.org/10.1016/j.matchemphys.2017.08.008
Co1Fe1Mn1Ti1V1Zr2,HEA,Extracted,1.74,298,https://doi.org/10.1016/j.ijhydene.2010.06.012
Co1Fe1Mn1Ti1V1Zr1.6,HEA,Extracted,1.73,298,https://doi.org/10.1016/j.ijhydene.2010.06.012
Co1Fe1Mn1Ti1V1.6Zr1,HEA,Extracted,1.56,298,https://doi.org/10.1016/j.ijhydene.2010.06.012
Co1Fe1Mn1Ti1.5V1Zr1,HEA,Extracted,1.83,298,https://doi.org/10.1016/j.ijhydene.2010.06.012
Cr1Fe1.5Mn1Ti1V1Zr1,HEA,Extracted,1.59,278,https://doi.org/10.1016/j.matchemphys.2017.08.008
Cr1Fe1Mn1Ti1.5V1Zr1,HEA,Extracted,1.91,278,https://doi.org/10.1016/j.matchemphys.2017.08.008
Ti0.8Zr1.2Cr1Mn1Fe1Ni1,HEA,Extracted,1.63,298,https://doi.org/10.1016/j.actamat.2022.118117
Ti1.2Zr0.8Cr1Mn1Fe1Ni1,HEA,Extracted,1.46,298,https://doi.org/10.1016/j.actamat.2022.118117
Co1Fe1Mn1Ti1V1Zr1.3,HEA,Extracted,1.66,298,https://doi.org/10.1016/j.ijhydene.2010.06.012
Co1Fe1Mn1Ti1V1.3Zr1,HEA,Extracted,1.57,298,https://doi.org/10.1016/j.ijhydene.2010.06.012
Cr1Fe1Mn0.75Ti1V1Zr1,HEA,Extracted,1.83,278,https://doi.org/10.1016/j.matchemphys.2017.08.008
Cr1.25Fe1Mn1Ti1V1Zr1,HEA,Extracted,1.64,278,https://doi.org/10.1016/j.matchemphys.2017.08.008
Cr1.67Fe1.67Mn1.67Ti1.67V1.67Zr1.67,HEA,Extracted,1.77,278,https://doi.org/10.1016/j.matchemphys.2017.08.008
Zr1.67Ti1.67V1.67Ni1.67Cr1.67Fe1.67,HEA,Extracted,1.6,300,https://doi.org/10.1016/j.ijhydene.2019.06.157
Co1.67Fe1.67Mn1.67Ti1.67V1.67Zr1.67,HEA,Extracted,1.7,298,https://doi.org/10.1039/d0ra04089d
Ti1.67Zr1.67Cr1.67Mn1.67Fe1.67Ni1.67,HEA,Extracted,1.7,303,https://doi.org/10.1016/j.scriptamat.2019.12.009
Ti0.12Zr0.215V0.10Cr0.075Mn0.081Co0.08Ni0.322Sn0.003Al0.004,HEA,Extracted,1.48,303,https://doi.org/10.1016/j.ijhydene.2011.06.117
Ti0.12Zr0.215V0.10Cr0.075Mn0.081Fe0.01Co0.07Ni0.322Sn0.003Al0.004,HEA,Extracted,1.52,303,https://doi.org/10.1016/j.ijhydene.2011.06.117
Ti0.12Zr0.215V0.10Cr0.075Mn0.081 Fe0.02Co0.06Ni0.322Sn0.003Al0.004,HEA,Extracted,1.49,303,https://doi.org/10.1016/j.ijhydene.2011.06.117
Ti0.12Zr0.215V0.10Cr0.075Mn0.081 Fe0.03Co0.05Ni0.322Sn0.003Al0.004,HEA,Extracted,1.52,303,https://doi.org/10.1016/j.ijhydene.2011.06.117
Ti0.12Zr0.215V0.10Cr0.075Mn0.081 Fe0.05Co0.03Ni0.322Sn0.003Al0.004,HEA,Extracted,1.53,303,https://doi.org/10.1016/j.ijhydene.2011.06.117
Ti0.12Zr0.215V0.10Cr0.075Mn0.081Fe0.04Co0.04Ni0.322Sn0.003Al0.004,HEA,Extracted,1.53,303,https://doi.org/10.1016/j.ijhydene.2011.06.117
Mg0.60Co0.40,LEA,Extracted,2.65,373,https://doi.org/10.1016/j.jallcom.2004.09.065
Mg0.50Co0.50,LEA,Extracted,2.11,373,https://doi.org/10.1016/j.jallcom.2004.09.065
Mg0.50Ni0.50,LEA,Extracted,1.77,373,https://doi.org/10.1016/j.jallcom.2008.12.067
Ti0.437Cr0.513Mo0.05,LEA,Extracted,2.39,626,https://doi.org/10.1016/j.ijhydene.2022.05.241
Mg0.50Ni0.45B0.05,LEA,Extracted,1.95,373,https://doi.org/10.1016/j.jallcom.2008.12.067
Ti0.54Cr0.63V0.10,LEA,Extracted,3.32,626,https://doi.org/10.1016/j.ijhydene.2022.05.241
Mg0.50Ni0.40B0.10,LEA,Extracted,1.83,373,https://doi.org/10.1016/j.jallcom.2008.12.067
Ti0.414Cr0.486Mo0.10,LEA,Extracted,2.5,626,https://doi.org/10.1016/j.ijhydene.2022.05.241
Ti0.391Cr0.459Mo0.15,LEA,Extracted,2.25,626,https://doi.org/10.1016/j.ijhydene.2022.05.241
Nb0.50Ti0.35Cr0.15,LEA,Extracted,2.63,423,https://doi.org/10.1016/j.jallcom.2019.153399
Ti0.32067V0.32067Nb0.3206Ni0.038,MEA,Extracted,3.17,298,https://doi.org/10.1016/j.jallcom.2021.158767
Ti0.31777V0.31777Nb0.317Co0.047,MEA,Extracted,3.11,298,https://doi.org/10.1016/j.jallcom.2021.158767
V0.4775Fe0.1175Ti0.2975Cr0.0975La0.01,MEA,Extracted,3.18,298,https://doi.org/10.1016/j.ijhydene.2022.08.021
V0.30Ti0.32Cr0.32Fe0.06,MEA,Extracted,3.76,298,https://doi.org/10.1016/j.jpowsour.2006.10.097
V0.475Fe0.115Ti0.295Cr0.095La0.02,MEA,Extracted,3.13,298,https://doi.org/10.1016/j.ijhydene.2022.08.021
V0.47Fe0.11Ti0.30Cr0.10La0.02,MEA,Extracted,3.13,303,https://doi.org/10.1016/j.jallcom.2022.165273
V0.47Fe0.11Ti0.30Cr0.10Ce0.02,MEA,Extracted,3.18,303,https://doi.org/10.1016/j.jallcom.2022.165273
V0.47Fe0.11Ti0.30Cr0.10Y0.02,MEA,Extracted,3.41,303,https://doi.org/10.1016/j.jallcom.2022.165273
V0.47Fe0.11Ti0.30Cr0.10Sc0.02,MEA,Extracted,3.19,303,https://doi.org/10.1016/j.jallcom.2022.165273
Ti0.4V0.3Nb0.1Cr0.2,MEA,Extracted,3.7,298,https://doi.org/10.1007/s40195-022-01403-9
V0.4725Fe0.1125Ti0.2925Cr0.0925La0.03,MEA,Extracted,3.04,298,https://doi.org/10.1016/j.ijhydene.2022.08.021
V0.30Ti0.35Cr0.25Fe0.10,MEA,Extracted,3.61,298,https://doi.org/10.1016/j.jallcom.2005.12.122
V0.35Ti0.30Cr0.25Fe0.10,MEA,Extracted,3.28,298,https://doi.org/10.1016/j.ijhydene.2021.06.137
V0.35Ti0.30Cr0.25Mn0.10,MEA,Extracted,3.6,298,https://doi.org/10.1016/j.ijhydene.2021.06.137
Al0.10Ti0.30V0.30Nb0.30,MEA,Extracted,2.61,298,https://doi.org/10.1016/j.intermet.2022.107590
V0.4675Fe0.1075Ti0.2875Cr0.0875La0.05,MEA,Extracted,2.41,298,https://doi.org/10.1016/j.ijhydene.2022.08.021
Ti0.20Zr0.20Hf0.20Nb0.40,MEA,Extracted,1.58,573,https://doi.org/10.3390/met11030470
Ti1V1Zr2Nb1,MEA,Extracted,2.6,298,https://doi.org/10.1016/j.ijhydene.2019.03.223
V0.2982Ti0.3479Cr0.2485Fe0.0994Al0.006,MEA,Extracted,3.58,298,https://doi.org/10.1016/j.jallcom.2005.12.122
Ti0.325V0.275Zr0.125Nb0.275,MEA,Extracted,2.51,523,https://doi.org/10.3390/molecules24152799
Ti0.325V0.275Zr0.125Nb0.275,MEA,Extracted,2.66,298,https://doi.org/10.3390/molecules24152799
V0.297Ti0.3465Cr0.2475Fe0.099Al,MEA,Extracted,3.55,298,https://doi.org/10.1016/j.jallcom.2005.12.122
Ti0.5Zr1Nb1Hf1,MEA,Extracted,1.77,298,https://doi.org/10.1021/acs.inorgchem.0c03270
Ti1V1Zr1.75Nb1,MEA,Extracted,2.48,298,https://doi.org/10.1016/j.ijhydene.2019.03.223
Mg0.68Ti1Nb1Ni0.55,MEA,Extracted,1.61,373,https://doi.org/10.1016/j.ijhydene.2020.05.069
Ti0.28333V0.28333Nb0.283Cr0.15,MEA,Extracted,3.17,298,https://doi.org/10.1016/j.jallcom.2021.158767
Ti0.28333V0.28333Nb0.28333Cr0.15,MEA,Extracted,2.79,298,https://doi.org/10.1016/j.ijhydene.2021.05.087
Ti0.2167V0.2167Nb0.2167Cr0.35,MEA,Extracted,2.92,298,https://doi.org/10.1016/j.ijhydene.2021.05.087
Ti0.216667V0.216667Nb0.216667Cr0.35,MEA,Extracted,2.8,298,https://doi.org/10.1016/j.jallcom.2022.167609
Ti3V3Nb2Cr2,MEA,Extracted,3.4,298,https://doi.org/10.1007/s40195-022-01403-9
Ti2V3Nb3Cr2,MEA,Extracted,3.2,298,https://doi.org/10.1016/j.ijhydene.2019.03.223
Ti1V1Zr1.5Nb1,MEA,Extracted,2.6,298,https://doi.org/10.1016/j.ijhydene.2021.06.137
V0.35Ti0.30Cr0.25Fe0.5Mn0.5,MEA,Extracted,3.43,298,https://doi.org/10.1016/j.jallcom.2022.167609
Ti0.2333V0.2333Nb0.233Cr0.30,MEA,Extracted,3.06,298,https://doi.org/10.1016/j.ijhydene.2019.03.223
Ti1V1Zr1.2Nb1,MEA,Extracted,2.61,298,https://doi.org/10.1016/j.jallcom.2015.12.125
V0.498Fe0.102Ti0.1333Cr0.1333Co0.133,MEA,Extracted,3.73,298,https://doi.org/10.1016/j.ijhydene.2019.05.214
Ti1Zr1Nb1Ta1,MEA,Extracted,1.67,293,https://doi.org/10.1016/j.actamat.2020.116496
Ti1V1Cr1Nb1,MEA,Extracted,3.05,373,https://doi.org/10.1016/j.actamat.2019.06.002
Ti1Zr1Nb1Hf1,MEA,Extracted,1.93,298,https://doi.org/10.1016/j.actamat.2019.06.002
Ti1V1Zr1Nb1,MEA,Extracted,2.81,298,https://doi.org/10.1016/j.actamat.2019.06.002
Ti1V1Nb1Ta1,MEA,Extracted,2.04,298,https://doi.org/10.1016/j.actamat.2019.06.002
Ti1V1Nb1Mo1,MEA,Extracted,2.15,298,https://doi.org/10.1016/j.actamat.2019.06.002
Ti1V1Cr1Mo1,MEA,Extracted,1.18,298,https://doi.org/10.1016/j.actamat.2019.06.002
Ti0.25V0.25Nb0.25Cr0.25,MEA,Extracted,3.09,298,https://doi.org/10.1016/j.ijhydene.2021.05.087
Ti1V1Zr1Nb1,MEA,Extracted,2.74,298,https://doi.org/10.1021/acs.inorgchem.0c03270
Ti1V1Nb1Hf1,MEA,Extracted,2.12,298,https://doi.org/10.1021/acs.inorgchem.0c03270
Ti1Zr1Nb1Hf1,MEA,Extracted,1.91,573,https://doi.org/10.1021/acs.inorgchem.0c03270
Ti1V1Nb1Ta1,MEA,Extracted,2.02,298,https://doi.org/10.1016/j.ijhydene.2019.03.223
Ti1Zr1Nb1Mo1V1,MEA,Extracted,2.48,298,https://doi.org/10.1016/j.ijhydene.2014.02.067
V0.2925Ti0.3413Cr0.24375Fe90.75Al0.025,MEA,Extracted,2.97,298,https://doi.org/10.1016/j.jallcom.2005.12.122
V0.285Ti0.3325Cr0.2375Fe0.095Al0.05,MEA,Extracted,1.7,298,https://doi.org/10.1016/j.jallcom.2005.12.122
V0.498Fe0.102Ti0.12667Cr0.126Co0.1267,MEA,Extracted,3.5,298,https://doi.org/10.1016/j.jallcom.2015.12.125
V0.30Ti0.30Cr0.25Fe0.10Nb0.5,MEA,Extracted,2.76,298,https://doi.org/10.1016/j.ijhydene.2021.06.137
Ti4V3Nb1Cr2Mn1,MEA,Extracted,3.15,298,https://doi.org/10.1007/s40195-022-01403-9
Ti4V3Nb1Cr2Fe1,MEA,Extracted,3.49,298,https://doi.org/10.1007/s40195-022-01403-9
Ti4V3Nb1Cr2Ni1,MEA,Extracted,3.65,298,https://doi.org/10.1007/s40195-022-01403-9
Mg0.12Al0.11Ti0.33Mn0.11Nb0.33,MEA,Extracted,1.75,548,https://doi.org/10.1016/j.ijhydene.2021.05.087
Ti1V1Zr0.15Nb1Ta0.85,MEA,Extracted,2.03,298,https://doi.org/10.1016/j.ijhydene.2019.03.223
Mg0.35Al0.15Ti0.25V0.10Zn0.15,HEA,Extracted,2.49,313,https://doi.org/10.1016/j.ijhydene.2022.05.098
Al0.10Ti0.30V0.25Zr0.10Nb0.25,HEA,Extracted,2.53,298,https://doi.org/10.3390/molecules26092470
Ti0.30V0.25Zr0.10Nb0.25Ta0.10,HEA,Extracted,2.53,373,https://doi.org/10.1016/j.jallcom.2020.155376
Mg0.10Ti0.30V0.25Zr0.10Nb0.25,HEA,Extracted,2.73,298,https://doi.org/10.1016/j.scriptamat.2020.113699
Ti1V1Zr0.74Nb1Ta0.26,HEA,Extracted,2.45,298,https://doi.org/10.1016/j.ijhydene.2019.03.223
Ti1V1Zr0.5Nb1Ta0.5,HEA,Extracted,2.3,298,https://doi.org/10.1016/j.ijhydene.2019.03.223
Ti1V1Zr1Nb1Hf0.5,HEA,Extracted,2.38,298,https://doi.org/10.1021/acs.inorgchem.0c03270
Ti1V1Zr0.5Nb1Hf1,HEA,Extracted,2.12,298,https://doi.org/10.1021/acs.inorgchem.0c03270
Ti1V1Zr1Nb0.5Hf1,HEA,Extracted,1.95,298,https://doi.org/10.1021/acs.inorgchem.0c03270
Ti1V0.5Zr1Nb1Hf1,HEA,Extracted,2,298,https://doi.org/10.1021/acs.inorgchem.0c03270
Ti1Hf1Zr1Nb0.9V1.1,HEA,Extracted,2.3,298,https://doi.org/10.3390/molecules27031054
Mg0.188V0.208Al0.188Cr0.202Ni0.214,HEA,Extracted,0.3,298,https://doi.org/10.1016/j.ijhydene.2020.10.106
Hf1Nb1Ti1V1Zr1,HEA,Extracted,2.03,563,https://doi.org/10.1021/acs.inorgchem.7b03004
Ti1Zr1Hf1Mo1Nb1,HEA,Extracted,1.18,373,https://doi.org/10.3390/nano9020248
Ti1V1Zr1Hf1Nb1,HEA,Extracted,2.15,573,https://doi.org/10.1016/j.jallcom.2021.158615
Ta1Nb1Hf1Zr1Ti1,HEA,Extracted,1.4,773,https://doi.org/10.1016/j.intermet.2020.107077
Al1Cr1Fe1Mn1Ni1W1,HEA,Extracted,0.43,298,https://doi.org/10.1016/j.ijhydene.2019.08.113
Ti1V1Cr1Nb1Ta1,HEA,Extracted,2.13,298,https://doi.org/10.1016/j.actamat.2019.06.002
Ti1V1Cr1Nb1Mo1,HEA,Extracted,1.92,298,https://doi.org/10.1016/j.actamat.2019.06.002
Mg1Al1Ti1Fe1Ni1,HEA,Extracted,1,598,https://doi.org/10.1016/j.jallcom.2020.158357
Ti1Zr1Nb1Hf1Ta1,HEA,Extracted,1.76,573,https://doi.org/10.1016/j.jallcom.2018.10.108
Ti1V1Zr1Nb1Hf1,HEA,Extracted,2.13,298,https://doi.org/10.1021/acs.inorgchem.0c03270
Ti1V1Zr1Nb1Ta1,HEA,Extracted,1.6,298,https://doi.org/10.1016/j.jallcom.2022.163638
Ti1V1Zr1Nb1Hf1,HEA,Extracted,2.66,572,https://doi.org/10.1038/srep36770
Ti1Zr1Hf1Mo1Nb1Pt0.0025,HEA,Extracted,1.75,293,https://doi.org/10.1016/j.jallcom.2022.164150
Ti1Zr1Hf1Mo1Nb1Pd0.0025,HEA,Extracted,1.76,293,https://doi.org/10.1016/j.jallcom.2022.164150
Mg1Zr1Ti1Fe0.5Co0.5Ni0.5,HEA,Extracted,1.2,623,https://doi.org/10.1016/j.ijhydene.2017.11.106
Mg1Ti1Nb1Cr0.5Mn0.5Ni0.5,HEA,Extracted,1.6,373,https://doi.org/10.1016/j.ijhydene.2020.05.069
